Category:4.50 from Paddington characters,Alexander Eastley
Category:4.50 from Paddington characters,Alfred Crackenthorpe
Category:4.50 from Paddington characters,Alice Crackenthorpe
Category:4.50 from Paddington characters,Anna Stravinska
Category:4.50 from Paddington characters,Archibald Spate
Category:4.50 from Paddington characters,Armand Dessin
Category:4.50 from Paddington characters,Arthur McGillicuddy
Category:4.50 from Paddington characters,Bob Wetherall
Category:4.50 from Paddington characters,Bryan Eastley
Category:4.50 from Paddington characters,Cedric Crackenthorpe
Category:4.50 from Paddington characters,Chick Evans
Category:4.50 from Paddington characters,Chief Inspector Duckham
Category:4.50 from Paddington characters,Constable Sanders
Category:4.50 from Paddington characters,Councillor Marchant
Category:4.50 from Paddington characters,Darwin
Category:4.50 from Paddington characters,David West
Category:4.50 from Paddington characters,Dermot Craddock
Category:4.50 from Paddington characters,Dicky Rogers
Category:4.50 from Paddington characters,Dorothy Cartwright
Category:4.50 from Paddington characters,Dr Morris (4.50 from Paddington)
Category:4.50 from Paddington characters,Dr Quimper
Category:4.50 from Paddington characters,Edith Eastley
Category:4.50 from Paddington characters,Edmund Crackenthorpe
Category:4.50 from Paddington characters,Edwards (4.50 from Paddington)
Category:4.50 from Paddington characters,Elspeth McGillicuddy
Category:4.50 from Paddington characters,Emma Crackenthorpe
Category:4.50 from Paddington characters,Florence Hill
Category:4.50 from Paddington characters,Francoise
Category:4.50 from Paddington characters,Frank Cornish
Category:4.50 from Paddington characters,Geraldine Webb
Category:4.50 from Paddington characters,Griselda Clement
Category:4.50 from Paddington characters,Harold Crackenthorpe
Category:4.50 from Paddington characters,Hector (4.50 from Paddington)
Category:4.50 from Paddington characters,Henry Clithering
Category:4.50 from Paddington characters,Henry Crackenthorpe
Category:4.50 from Paddington characters,Hillman
Category:4.50 from Paddington characters,Inspector Awdry
Category:4.50 from Paddington characters,Inspector Bacon
Category:4.50 from Paddington characters,Inspector Slack
Category:4.50 from Paddington characters,Inspector Tom Campbell
Category:4.50 from Paddington characters,Jacqueline Briggs
Category:4.50 from Paddington characters,James Stoddart-West
Category:4.50 from Paddington characters,Jean (4.50 from Paddington)
Category:4.50 from Paddington characters,Johnstone
Category:4.50 from Paddington characters,Josiah Crackenthorpe
Category:4.50 from Paddington characters,Lady Adington
Category:4.50 from Paddington characters,Leonard Clement (4.50 from Paddington)
Category:4.50 from Paddington characters,Louisa Felby
Category:4.50 from Paddington characters,Lucy Eyelesbarrow
Category:4.50 from Paddington characters,Luther Crackenthorpe
Category:4.50 from Paddington characters,Madame Joilet
Category:4.50 from Paddington characters,Margaret (4.50 from Paddington)
Category:4.50 from Paddington characters,Martine Stoddart-West
Category:4.50 from Paddington characters,Mary (4.50 from Paddington)
Category:4.50 from Paddington characters,Miss Bartlett
Category:4.50 from Paddington characters,Miss Ellis
Category:4.50 from Paddington characters,Mr Eade
Category:4.50 from Paddington characters,Mr Jenkins
Category:4.50 from Paddington characters,Mr Wells
Category:4.50 from Paddington characters,Mr Wimborne
Category:4.50 from Paddington characters,Mrs Binster
Category:4.50 from Paddington characters,Mrs Brierly
Category:4.50 from Paddington characters,Mrs Brogan
Category:4.50 from Paddington characters,Mrs Hart
Category:4.50 from Paddington characters,Mrs Josh Simpkins
Category:4.50 from Paddington characters,Mrs Josiah Crackenthorpe
Category:4.50 from Paddington characters,Mrs Kidder
Category:4.50 from Paddington characters,Mrs Luther Crackenthorpe
Category:4.50 from Paddington characters,Noël Coward
Category:4.50 from Paddington characters,Patmore
Category:4.50 from Paddington characters,Robby (4.50 from Paddington)
Category:4.50 from Paddington characters,Robert Stoddart-West
Category:4.50 from Paddington characters,Roderick (4.50 from Paddington)
Category:4.50 from Paddington characters,Ronnie Wells
Category:4.50 from Paddington characters,Sergeant Leakie
Category:4.50 from Paddington characters,Terry (4.50 from Paddington)
Category:4.50 from Paddington characters,Thomas Eade
Category:4.50 from Paddington characters,William Baker
Category:A Caribbean Mystery characters,Admiral Wicklow
Category:A Caribbean Mystery characters,Arthur Jackson
Category:A Caribbean Mystery characters,Aunty Johnson
Category:A Caribbean Mystery characters,Big Jim Ellis
Category:A Caribbean Mystery characters,Captain Flemming
Category:A Caribbean Mystery characters,Commander Richardson
Category:A Caribbean Mystery characters,Count de Ferrari
Category:A Caribbean Mystery characters,Diana Horrocks
Category:A Caribbean Mystery characters,Dr Graham (A Caribbean Mystery)
Category:A Caribbean Mystery characters,Dr Robertson
Category:A Caribbean Mystery characters,Edward Hillingdon
Category:A Caribbean Mystery characters,Enrico
Category:A Caribbean Mystery characters,Esther Walters
Category:A Caribbean Mystery characters,Evelyn Hillingdon
Category:A Caribbean Mystery characters,Fernando
Category:A Caribbean Mystery characters,Gail Dyson
Category:A Caribbean Mystery characters,General Leroy
Category:A Caribbean Mystery characters,Georgy Wood
Category:A Caribbean Mystery characters,Greg Dyson
Category:A Caribbean Mystery characters,Harry Western
Category:A Caribbean Mystery characters,Ian Fleming
Category:A Caribbean Mystery characters,Inspector Weston
Category:A Caribbean Mystery characters,James Bond (A Caribbean Mystery)
Category:A Caribbean Mystery characters,Jeremy Prescott
Category:A Caribbean Mystery characters,Joan Prescott
Category:A Caribbean Mystery characters,Joe Arden
Category:A Caribbean Mystery characters,Jonas Parry
Category:A Caribbean Mystery characters,Lady Caroline Wolfe
Category:A Caribbean Mystery characters,Leslie James
Category:A Caribbean Mystery characters,Lucky Dyson
Category:A Caribbean Mystery characters,Major Harper
Category:A Caribbean Mystery characters,Major Palgrave
Category:A Caribbean Mystery characters,Mama Zogbe
Category:A Caribbean Mystery characters,Marleen (A Caribbean Mystery)
Category:A Caribbean Mystery characters,Miguel (A Caribbean Mystery)
Category:A Caribbean Mystery characters,Molly Kendal
Category:A Caribbean Mystery characters,Mr Daventry
Category:A Caribbean Mystery characters,Mr Murdoch
Category:A Caribbean Mystery characters,Mr Rafiel
Category:A Caribbean Mystery characters,Mr Sanderson
Category:A Caribbean Mystery characters,Mrs Arden
Category:A Caribbean Mystery characters,Mrs Linnett
Category:A Caribbean Mystery characters,Mrs Sanderson
Category:A Caribbean Mystery characters,Peter Wolfe
Category:A Caribbean Mystery characters,Señora de Caspearo
Category:A Caribbean Mystery characters,Sir George Trollope
Category:A Caribbean Mystery characters,Tim Kendal
Category:A Caribbean Mystery characters,Victoria Johnson
Category:A Caribbean Mystery characters,Young Mr Polegate
Category:Accident characters,Captain Haydock
Category:Accident characters,Inspector Evans
Category:Accident characters,Mary (Accident)
Category:Accident characters,Mr Anthony
Category:Accident characters,Mrs Merrowdene
Category:Accident characters,Professor Merrowdene
Category:Accident characters,Zara (Accident)
Category:And Then There Were None characters,Anthony Marston
Category:And Then There Were None characters,Armitage
Category:And Then There Were None characters,Arthur Richmond
Category:And Then There Were None characters,Audry
Category:And Then There Were None characters,Badger Berkeley
Category:And Then There Were None characters,Beatrice Taylor
Category:And Then There Were None characters,Busy Bee
Category:And Then There Were None characters,Charles Morley
Category:And Then There Were None characters,Colonel Brent
Category:And Then There Were None characters,Cyril Hamilton
Category:And Then There Were None characters,Edward Armstrong
Category:And Then There Were None characters,Edward Seton
Category:And Then There Were None characters,Elmer Robson
Category:And Then There Were None characters,Elsie MacPherson
Category:And Then There Were None characters,Emily Brent
Category:And Then There Were None characters,Ethel Rogers
Category:And Then There Were None characters,Fred Narracott
Category:And Then There Were None characters,Gabrielle Turl
Category:And Then There Were None characters,Harris (And Then There Were None)
Category:And Then There Were None characters,Hugo Hamilton
Category:And Then There Were None characters,Inspector Maine
Category:And Then There Were None characters,Isaac Morris
Category:And Then There Were None characters,James Landor
Category:And Then There Were None characters,Jennifer Brady
Category:And Then There Were None characters,Jennifer Hayes
Category:And Then There Were None characters,Jim (And Then There Were None)
Category:And Then There Were None characters,John Combes
Category:And Then There Were None characters,John MacArthur
Category:And Then There Were None characters,Johnnie Dyer
Category:And Then There Were None characters,Jonas (And Then There Were None)
Category:And Then There Were None characters,Lady Constance Culmington
Category:And Then There Were None characters,Lawrence Wargrave
Category:And Then There Were None characters,Leslie MacArthur
Category:And Then There Were None characters,Llewellyn (And Then There Were None)
Category:And Then There Were None characters,Lord L.
Category:And Then There Were None characters,Louisa Clees
Category:And Then There Were None characters,Lucy Combes
Category:And Then There Were None characters,Matthews (And Then There Were None)
Category:And Then There Were None characters,Maurice Hamilton
Category:And Then There Were None characters,Mr Bergen
Category:And Then There Were None characters,Mr Merryweather
Category:And Then There Were None characters,Mrs Hamilton
Category:And Then There Were None characters,Mrs Oliver (And Then There Were None)
Category:And Then There Were None characters,Pam (And Then There Were None)
Category:And Then There Were None characters,Patrick Narracott
Category:And Then There Were None characters,Peter Brent
Category:And Then There Were None characters,Philip Lombard
Category:And Then There Were None characters,Richard Barclay
Category:And Then There Were None characters,Spoof Leggard
Category:And Then There Were None characters,The Purcell gang
Category:And Then There Were None characters,Thomas Legge
Category:And Then There Were None characters,Thomas Rogers
Category:And Then There Were None characters,Tom Brent
Category:And Then There Were None characters,U. N. Owen
Category:And Then There Were None characters,Vera Claythorne
Category:And Then There Were None characters,William Blore
Category:At Bertram's Hotel characters,Abel Isaacstein
Category:At Bertram's Hotel characters,Admiral Ponsonby
Category:At Bertram's Hotel characters,Alice (At Bertram's Hotel)
Category:At Bertram's Hotel characters,Amelia Walker
Category:At Bertram's Hotel characters,Amy McAllister
Category:At Bertram's Hotel characters,Archdeacon Abercrombie
Category:At Bertram's Hotel characters,Archdeacon Simmons
Category:At Bertram's Hotel characters,Archdeacon Tomlinson
Category:At Bertram's Hotel characters,Audrey Holding
Category:At Bertram's Hotel characters,Aunt Helen (At Bertram's Hotel)
Category:At Bertram's Hotel characters,Bess Sedgwick
Category:At Bertram's Hotel characters,Bridget (At Bertram's Hotel)
Category:At Bertram's Hotel characters,Canon Pennyfather (At Bertram's Hotel)
Category:At Bertram's Hotel characters,Carlos (At Bertram's Hotel)
Category:At Bertram's Hotel characters,Cicely Longhurst
Category:At Bertram's Hotel characters,Clara Marple
Category:At Bertram's Hotel characters,Colonel Mortimer
Category:At Bertram's Hotel characters,Comstock
Category:At Bertram's Hotel characters,Comtesse de Beauville
Category:At Bertram's Hotel characters,Contessa Martinelli
Category:At Bertram's Hotel characters,Derek Luscombe
Category:At Bertram's Hotel characters,Dolly Leadbetter
Category:At Bertram's Hotel characters,Dr Stokes (At Bertram's Hotel)
Category:At Bertram's Hotel characters,Dr Weissgarten
Category:At Bertram's Hotel characters,Dr Whittaker
Category:At Bertram's Hotel characters,Duke of Barnstable
Category:At Bertram's Hotel characters,Edmunds (At Bertram's Hotel)
Category:At Bertram's Hotel characters,Elmer Cabot
Category:At Bertram's Hotel characters,Elvira Blake
Category:At Bertram's Hotel characters,Emma Wheeling
Category:At Bertram's Hotel characters,Ethel Merridew
Category:At Bertram's Hotel characters,Fanny Godfrey
Category:At Bertram's Hotel characters,Fred Davy
Category:At Bertram's Hotel characters,General Arlington
Category:At Bertram's Hotel characters,General Radley
Category:At Bertram's Hotel characters,Great-uncle Thomas (At Bertram's Hotel)
Category:At Bertram's Hotel characters,Guests of Bertram's Hotel
Category:At Bertram's Hotel characters,Guido
Category:At Bertram's Hotel characters,Harry Russell
Category:At Bertram's Hotel characters,Henry (At Bertram's Hotel)
Category:At Bertram's Hotel characters,Herman Koch
Category:At Bertram's Hotel characters,Hubert Curtain
Category:At Bertram's Hotel characters,Inspector Campbell
Category:At Bertram's Hotel characters,Inspector Larry Bird
Category:At Bertram's Hotel characters,Inspector McNeill
Category:At Bertram's Hotel characters,Jack Britten
Category:At Bertram's Hotel characters,Jane Cooper
Category:At Bertram's Hotel characters,Joel Britten
Category:At Bertram's Hotel characters,Johnnie Sedgwick
Category:At Bertram's Hotel characters,Ladislaus Malinowski
Category:At Bertram's Hotel characters,Lady Berry
Category:At Bertram's Hotel characters,Lady Jocelyn
Category:At Bertram's Hotel characters,Lord Coniston
Category:At Bertram's Hotel characters,Lord Frederick
Category:At Bertram's Hotel characters,Lord Pomfret
Category:At Bertram's Hotel characters,Louis Armstrong
Category:At Bertram's Hotel characters,Micky Gorman
Category:At Bertram's Hotel characters,Mildred Melford
Category:At Bertram's Hotel characters,Miss Cordell
Category:At Bertram's Hotel characters,Miss Evershot
Category:At Bertram's Hotel characters,Miss Gorringe
Category:At Bertram's Hotel characters,Miss Ledbury
Category:At Bertram's Hotel characters,Miss Tibbs
Category:At Bertram's Hotel characters,Monica Sotheby
Category:At Bertram's Hotel characters,Mr Bollard
Category:At Bertram's Hotel characters,Mr Hennessy King
Category:At Bertram's Hotel characters,Mr Holding
Category:At Bertram's Hotel characters,Mr Humfries
Category:At Bertram's Hotel characters,Mr Mutti
Category:At Bertram's Hotel characters,Mr Robinson
Category:At Bertram's Hotel characters,Mr Ryesville
Category:At Bertram's Hotel characters,Mr Woolmer Pickington
Category:At Bertram's Hotel characters,Mrs Cabot
Category:At Bertram's Hotel characters,Mrs Carpenter
Category:At Bertram's Hotel characters,Mrs Dalrymple
Category:At Bertram's Hotel characters,Mrs Hennessy King
Category:At Bertram's Hotel characters,Mrs Holding
Category:At Bertram's Hotel characters,Mrs Jameson (At Bertram's Hotel)
Category:At Bertram's Hotel characters,Mrs McCrae
Category:At Bertram's Hotel characters,Mrs Posselthwaite
Category:At Bertram's Hotel characters,Mrs Rice (At Bertram's Hotel)
Category:At Bertram's Hotel characters,Mrs Ryesville
Category:At Bertram's Hotel characters,Mrs Saunders (At Bertram's Hotel)
Category:At Bertram's Hotel characters,Mrs Van Dylan
Category:At Bertram's Hotel characters,Mrs Woolmer Pickington
Category:At Bertram's Hotel characters,Nancy Melford
Category:At Bertram's Hotel characters,Parfitt (At Bertram's Hotel)
Category:At Bertram's Hotel characters,People in Miss Marple's reminiscences (At Bertram's Hotel)
Category:At Bertram's Hotel characters,Raymond West
Category:At Bertram's Hotel characters,Richard Egerton
Category:At Bertram's Hotel characters,Ridgway Becker
Category:At Bertram's Hotel characters,Robert Hoffman
Category:At Bertram's Hotel characters,Ronald Graves
Category:At Bertram's Hotel characters,Rose Sheldon
Category:At Bertram's Hotel characters,Selina Hazy
Category:At Bertram's Hotel characters,Sergeant Wadell
Category:At Bertram's Hotel characters,Sir John Woodstock
Category:At Bertram's Hotel characters,Sir Richard Blake
Category:At Bertram's Hotel characters,Sonia (At Bertram's Hotel)
Category:At Bertram's Hotel characters,Superintendent Andrews
Category:At Bertram's Hotel characters,Susan (At Bertram's Hotel)
Category:At Bertram's Hotel characters,Swanhilda
Category:At Bertram's Hotel characters,Sybil Kerr
Category:At Bertram's Hotel characters,The Bishop of Medmenham
Category:At Bertram's Hotel characters,The Bishop of Norwich
Category:At Bertram's Hotel characters,The Bishop of Westchester
Category:At Bertram's Hotel characters,The Canon of Ely
Category:At Bertram's Hotel characters,The Dean of Chislehampton
Category:At Bertram's Hotel characters,The Marchioness of Barlow
Category:At Bertram's Hotel characters,Tilly Rice
Category:At Bertram's Hotel characters,Wilhelm Hoffman
Category:At Bertram's Hotel characters,William Ludgrove
Category:Black Coffee characters,Barbara Amory
Category:Black Coffee characters,Caroline Amory
Category:Black Coffee characters,Claud Amory
Category:Black Coffee characters,Constable Johnson (Black Coffee)
Category:Black Coffee characters,Dr Carelli
Category:Black Coffee characters,Edna (Black Coffee)
Category:Black Coffee characters,Edward Raynor
Category:Black Coffee characters,Helen Amory
Category:Black Coffee characters,Jackson (Black Coffee)
Category:Black Coffee characters,Kenneth Graham
Category:Black Coffee characters,Lucia Amory
Category:Black Coffee characters,Richard Amory
Category:Black Coffee characters,Selma Goetz
Category:Black Coffee characters,Tredwell (Black Coffee)
Category:By the Pricking of My Thumbs characters,Ada Fanshawe
Category:By the Pricking of My Thumbs characters,Alice Perry
Category:By the Pricking of My Thumbs characters,Alice Warrender
Category:By the Pricking of My Thumbs characters,Amos Perry
Category:By the Pricking of My Thumbs characters,Amy Morgan
Category:By the Pricking of My Thumbs characters,Anderson (By the Pricking of My Thumbs)
Category:By the Pricking of My Thumbs characters,Andrew Beresford
Category:By the Pricking of My Thumbs characters,Anthea (By the Pricking of My Thumbs)
Category:By the Pricking of My Thumbs characters,Arthur Thomas
Category:By the Pricking of My Thumbs characters,Aunt Caroline
Category:By the Pricking of My Thumbs characters,Betty Johnson
Category:By the Pricking of My Thumbs characters,Blodgick
Category:By the Pricking of My Thumbs characters,Captain Warrender
Category:By the Pricking of My Thumbs characters,Chris Murphy
Category:By the Pricking of My Thumbs characters,Christopher Beresford
Category:By the Pricking of My Thumbs characters,Colonel John Warrender
Category:By the Pricking of My Thumbs characters,Dr Joshua Waters
Category:By the Pricking of My Thumbs characters,Dr Mortimer
Category:By the Pricking of My Thumbs characters,Dr Murray
Category:By the Pricking of My Thumbs characters,Dr Williams
Category:By the Pricking of My Thumbs characters,Elizabeth Moody
Category:By the Pricking of My Thumbs characters,Emma Boscowan
Category:By the Pricking of My Thumbs characters,Eric Johnson
Category:By the Pricking of My Thumbs characters,Ethan Maxwell
Category:By the Pricking of My Thumbs characters,Farmer Hart
Category:By the Pricking of My Thumbs characters,George Warrender
Category:By the Pricking of My Thumbs characters,Great-aunt Primrose
Category:By the Pricking of My Thumbs characters,Hannah Beresford
Category:By the Pricking of My Thumbs characters,Happy Hamish
Category:By the Pricking of My Thumbs characters,Helen Warrender
Category:By the Pricking of My Thumbs characters,Ivor Smith
Category:By the Pricking of My Thumbs characters,James Eccles
Category:By the Pricking of My Thumbs characters,Jane (By the Pricking of My Thumbs)
Category:By the Pricking of My Thumbs characters,Jane Elwood
Category:By the Pricking of My Thumbs characters,Job Perry
Category:By the Pricking of My Thumbs characters,Judith Beresford
Category:By the Pricking of My Thumbs characters,Lily Waters
Category:By the Pricking of My Thumbs characters,Louise Badcock
Category:By the Pricking of My Thumbs characters,Major Warrender
Category:By the Pricking of My Thumbs characters,Marlene (By the Pricking of My Thumbs)
Category:By the Pricking of My Thumbs characters,Mary Treves
Category:By the Pricking of My Thumbs characters,Mary Warrender
Category:By the Pricking of My Thumbs characters,Mervyn (By the Pricking of My Thumbs)
Category:By the Pricking of My Thumbs characters,Miss Charrington
Category:By the Pricking of My Thumbs characters,Miss Donovan
Category:By the Pricking of My Thumbs characters,Miss Margrave
Category:By the Pricking of My Thumbs characters,Miss Packard
Category:By the Pricking of My Thumbs characters,Mr Copleigh
Category:By the Pricking of My Thumbs characters,Mr Rockbury
Category:By the Pricking of My Thumbs characters,Mr Slicker
Category:By the Pricking of My Thumbs characters,Mr Sprig
Category:By the Pricking of My Thumbs characters,Mr Timothy
Category:By the Pricking of My Thumbs characters,Mrs Badcock
Category:By the Pricking of My Thumbs characters,Mrs Carraway
Category:By the Pricking of My Thumbs characters,Mrs Carstairs
Category:By the Pricking of My Thumbs characters,Mrs Charrington
Category:By the Pricking of My Thumbs characters,Mrs Copleigh
Category:By the Pricking of My Thumbs characters,Mrs Dickens
Category:By the Pricking of My Thumbs characters,Mrs Johnson
Category:By the Pricking of My Thumbs characters,Mrs Lancaster (By the Pricking of My Thumbs)
Category:By the Pricking of My Thumbs characters,Mrs Lockett
Category:By the Pricking of My Thumbs characters,Mrs Partington
Category:By the Pricking of My Thumbs characters,Mrs Peake
Category:By the Pricking of My Thumbs characters,Nellie Bligh
Category:By the Pricking of My Thumbs characters,Nora Johnson
Category:By the Pricking of My Thumbs characters,Nurse Jane
Category:By the Pricking of My Thumbs characters,Nurse O'Keefe
Category:By the Pricking of My Thumbs characters,Philip Starke
Category:By the Pricking of My Thumbs characters,Robert (By the Pricking of My Thumbs)
Category:By the Pricking of My Thumbs characters,Rose Waters
Category:By the Pricking of My Thumbs characters,Sarah Elizabeth Warrender
Category:By the Pricking of My Thumbs characters,Septimus Bligh
Category:By the Pricking of My Thumbs characters,Sir Josiah Penn
Category:By the Pricking of My Thumbs characters,Uncle William
Category:By the Pricking of My Thumbs characters,William Boscowan
Category:By the Pricking of My Thumbs characters,William Marl
Category:Crooked House characters,Aristide Leonides
Category:Crooked House characters,Arthur Hayward
Category:Crooked House characters,Brenda Leonides
Category:Crooked House characters,Brent
Category:Crooked House characters,Charles Hayward
Category:Crooked House characters,Chief Inspector Taverner
Category:Crooked House characters,Clemency Leonides
Category:Crooked House characters,Detective Sergeant Lamb
Category:Crooked House characters,Dr Gray
Category:Crooked House characters,Edith de Haviland
Category:Crooked House characters,Electra (Crooked House)
Category:Crooked House characters,Eustace Leonides
Category:Crooked House characters,Evans (Crooked House)
Category:Crooked House characters,Gladys (Crooked House)
Category:Crooked House characters,Glover (Crooked House)
Category:Crooked House characters,Janet Rowe
Category:Crooked House characters,Janet Wolmer
Category:Crooked House characters,Johnson (Crooked House)
Category:Crooked House characters,Josephine Leonides
Category:Crooked House characters,Joyce (Crooked House)
Category:Crooked House characters,Laurence Brown
Category:Crooked House characters,Magda West
Category:Crooked House characters,Marcia Leonides
Category:Crooked House characters,Michael Chavasse
Category:Crooked House characters,Miss Ackroyd (Crooked House)
Category:Crooked House characters,Moyra Kinoul
Category:Crooked House characters,Mr Agrodopolous
Category:Crooked House characters,Mr Gaitskill
Category:Crooked House characters,Philip Leonides
Category:Crooked House characters,Roger Leonides
Category:Crooked House characters,Sophia Leonides
Category:Crooked House characters,Vavasour Jones
Category:Crooked House characters,William (Crooked House)
Category:Dead Man's Folly characters,Alec Legge
Category:Dead Man's Folly characters,Alfred Tucker
Category:Dead Man's Folly characters,Alice Jones
Category:Dead Man's Folly characters,Amanda Brewis
Category:Dead Man's Folly characters,Amy Folliat
Category:Dead Man's Folly characters,Bickford
Category:Dead Man's Folly characters,Bob Hoskins
Category:Dead Man's Folly characters,Captain Warburton
Category:Dead Man's Folly characters,Connie Masterton
Category:Dead Man's Folly characters,Constable Lorimer
Category:Dead Man's Folly characters,Dorothy (Dead Man's Folly)
Category:Dead Man's Folly characters,Dr Cook
Category:Dead Man's Folly characters,Edward (Dead Man's Folly)
Category:Dead Man's Folly characters,Elsa (Dead Man's Folly)
Category:Dead Man's Folly characters,Etienne de Sousa
Category:Dead Man's Folly characters,Frank Cottrell
Category:Dead Man's Folly characters,Gary Tucker
Category:Dead Man's Folly characters,George Stubbs
Category:Dead Man's Folly characters,Hattie Stubbs
Category:Dead Man's Folly characters,Henden
Category:Dead Man's Folly characters,Henry Folliat
Category:Dead Man's Folly characters,Hodgson
Category:Dead Man's Folly characters,Inspector Bland
Category:Dead Man's Folly characters,James Folliat
Category:Dead Man's Folly characters,Jim Warburton
Category:Dead Man's Folly characters,Lucy Knapper
Category:Dead Man's Folly characters,Major Folliat
Category:Dead Man's Folly characters,Major Merrall
Category:Dead Man's Folly characters,Marilyn Tucker
Category:Dead Man's Folly characters,Marlene Tucker
Category:Dead Man's Folly characters,Marylin Gale
Category:Dead Man's Folly characters,Michael Weyman
Category:Dead Man's Folly characters,Miss Bird
Category:Dead Man's Folly characters,Mitchell (Dead Man's Folly)
Category:Dead Man's Folly characters,Mr Benson (Dead Man's Folly)
Category:Dead Man's Folly characters,Mr Fletcher
Category:Dead Man's Folly characters,Mr Knapper
Category:Dead Man's Folly characters,Mr Merdell
Category:Dead Man's Folly characters,Mrs Knapper
Category:Dead Man's Folly characters,Mrs Tucker
Category:Dead Man's Folly characters,Mrs Warburton
Category:Dead Man's Folly characters,Muriel (Dead Man's Folly)
Category:Dead Man's Folly characters,Old Merdell
Category:Dead Man's Folly characters,Old Squire Folliat
Category:Dead Man's Folly characters,Otterweight
Category:Dead Man's Folly characters,Pamela (Dead Man's Folly)
Category:Dead Man's Folly characters,Paterson
Category:Dead Man's Folly characters,Reggie (Dead Man's Folly)
Category:Dead Man's Folly characters,Roger (Dead Man's Folly)
Category:Dead Man's Folly characters,Rogers (Dead Man's Folly)
Category:Dead Man's Folly characters,Sally Legge
Category:Dead Man's Folly characters,Sergeant Farrell
Category:Dead Man's Folly characters,Sir Gervase Folliat
Category:Dead Man's Folly characters,Superintendent Baldwin
Category:Dead Man's Folly characters,The Lawders
Category:Dead Man's Folly characters,Violet (Dead Man's Folly)
Category:Dead Man's Folly characters,Wilfred Masterton
Category:Death in the Clouds characters,Albert Davis
Category:Death in the Clouds characters,Anne Morisot
Category:Death in the Clouds characters,Armand Dupont
Category:Death in the Clouds characters,Betsy (Death in the Clouds)
Category:Death in the Clouds characters,Chattisley
Category:Death in the Clouds characters,"Cicely, Countess of Horbury"
Category:Death in the Clouds characters,Colonel Blunt (Death in the Clouds)
Category:Death in the Clouds characters,Constable Rogers
Category:Death in the Clouds characters,Daniel Clancy
Category:Death in the Clouds characters,Detective-sergeant Wilson
Category:Death in the Clouds characters,Dr James Whistler
Category:Death in the Clouds characters,Elise Grandier
Category:Death in the Clouds characters,Ffoulkes
Category:Death in the Clouds characters,George Ebermann
Category:Death in the Clouds characters,George Leman
Category:Death in the Clouds characters,Georges (Death in the Clouds)
Category:Death in the Clouds characters,Gladys (Death in the Clouds)
Category:Death in the Clouds characters,Henry Mitchell
Category:Death in the Clouds characters,James Richards
Category:Death in the Clouds characters,James Ryder
Category:Death in the Clouds characters,Jane Grey
Category:Death in the Clouds characters,Jean Dupont
Category:Death in the Clouds characters,John Gale
Category:Death in the Clouds characters,Jules Perrot
Category:Death in the Clouds characters,Lady Higginson
Category:Death in the Clouds characters,Lord Cottesmore
Category:Death in the Clouds characters,Lord Horbury
Category:Death in the Clouds characters,Madame Giselle
Category:Death in the Clouds characters,Maître Alexandre Thibault
Category:Death in the Clouds characters,Miss Ross
Category:Death in the Clouds characters,Monsieur Antoine
Category:Death in the Clouds characters,Monsieur Fournier
Category:Death in the Clouds characters,Monsieur Georges
Category:Death in the Clouds characters,Monsieur Gilles
Category:Death in the Clouds characters,Monsieur Henri (Death in the Clouds)
Category:Death in the Clouds characters,Mr Henry Winterspoon
Category:Death in the Clouds characters,Mrs Lorrie
Category:Death in the Clouds characters,Mère Angélique
Category:Death in the Clouds characters,Norman Gale
Category:Death in the Clouds characters,Old Johnson
Category:Death in the Clouds characters,Raymond Barraclough
Category:Death in the Clouds characters,Roger Bryant
Category:Death in the Clouds characters,Ruth Mitchell
Category:Death in the Clouds characters,Venetia Kerr
Category:Death in the Clouds characters,Zeropoulos
Category:Dumb Witness characters,Agnes Arundell
Category:Dumb Witness characters,Albert (Dumb Witness)
Category:Dumb Witness characters,Angus (Dumb Witness)
Category:Dumb Witness characters,Annie (Dumb Witness)
Category:Dumb Witness characters,Arabella Arundell
Category:Dumb Witness characters,Bella Tanios
Category:Dumb Witness characters,Bob (Dumb Witness)
Category:Dumb Witness characters,Caroline Peabody
Category:Dumb Witness characters,Charles Arundell
Category:Dumb Witness characters,Dr Grainger
Category:Dumb Witness characters,Dr Harding
Category:Dumb Witness characters,Edward Tanios
Category:Dumb Witness characters,Ellen (Dumb Witness)
Category:Dumb Witness characters,Emily Arundell
Category:Dumb Witness characters,Great-aunt Mary
Category:Dumb Witness characters,Isabel Tripp
Category:Dumb Witness characters,Jacob Tanios
Category:Dumb Witness characters,John (Dumb Witness)
Category:Dumb Witness characters,John Arundell
Category:Dumb Witness characters,Julia Tripp
Category:Dumb Witness characters,Mary Fox
Category:Dumb Witness characters,Mary Tanios
Category:Dumb Witness characters,Matilda Arundell
Category:Dumb Witness characters,Miss Jenkins
Category:Dumb Witness characters,Mr Gabler
Category:Dumb Witness characters,Mr Jones (Dumb Witness)
Category:Dumb Witness characters,Mr Lonsdale
Category:Dumb Witness characters,Mr Varley
Category:Dumb Witness characters,Mrs Finch (Dumb Witness)
Category:Dumb Witness characters,Mrs Lamphrey
Category:Dumb Witness characters,Mrs Samuels
Category:Dumb Witness characters,Mrs Varley
Category:Dumb Witness characters,Nurse Carruthers
Category:Dumb Witness characters,Professor Biggs
Category:Dumb Witness characters,Rex Donaldson
Category:Dumb Witness characters,Rogers (Dumb Witness)
Category:Dumb Witness characters,Sergeant Keeley
Category:Dumb Witness characters,Spot (Dumb Witness)
Category:Dumb Witness characters,Theresa Arundell
Category:Dumb Witness characters,Thomas Arundell
Category:Dumb Witness characters,Wilhelmina Lawson
Category:Dumb Witness characters,William Purvis
Category:Elephants Can Remember characters,Albert Spence
Category:Elephants Can Remember characters,Albertina
Category:Elephants Can Remember characters,Alistair Ravenscroft
Category:Elephants Can Remember characters,Anna Braceby
Category:Elephants Can Remember characters,Aunt Emma
Category:Elephants Can Remember characters,Captain Jarrow
Category:Elephants Can Remember characters,Captain Wilson
Category:Elephants Can Remember characters,Cecil Aldbury
Category:Elephants Can Remember characters,Celia Ravenscroft
Category:Elephants Can Remember characters,Chief Superintendent Garroway
Category:Elephants Can Remember characters,Desmond Burton-Cox
Category:Elephants Can Remember characters,Dorothea Jarrow
Category:Elephants Can Remember characters,Dr Willoughby Junior
Category:Elephants Can Remember characters,Dr Willoughby Senior
Category:Elephants Can Remember characters,Edward Ravenscroft
Category:Elephants Can Remember characters,Edwin Aubyn
Category:Elephants Can Remember characters,Emma (Elephants Can Remember)
Category:Elephants Can Remember characters,Fred Wizell
Category:Elephants Can Remember characters,Gracie (Elephants Can Remember)
Category:Elephants Can Remember characters,Great-aunt Alice
Category:Elephants Can Remember characters,Hilda (Elephants Can Remember)
Category:Elephants Can Remember characters,Hugo Fothergill
Category:Elephants Can Remember characters,Julia Carstairs
Category:Elephants Can Remember characters,Kathleen Fenn
Category:Elephants Can Remember characters,Louise (Elephants Can Remember)
Category:Elephants Can Remember characters,Madame Benoît
Category:Elephants Can Remember characters,Mademoiselle Girand
Category:Elephants Can Remember characters,Mademoiselle Rouselle
Category:Elephants Can Remember characters,Major Burton-Cox
Category:Elephants Can Remember characters,Margaret Ravenscroft
Category:Elephants Can Remember characters,Maria (Elephants Can Remember)
Category:Elephants Can Remember characters,Mariana Josephine Pontarlier
Category:Elephants Can Remember characters,Marlene Buckle
Category:Elephants Can Remember characters,Martha Leghorn
Category:Elephants Can Remember characters,Maurine Grant
Category:Elephants Can Remember characters,Miss Livingstone
Category:Elephants Can Remember characters,Miss Sedgwick
Category:Elephants Can Remember characters,Moira (Elephants Can Remember)
Category:Elephants Can Remember characters,Monsieur Adolphe
Category:Elephants Can Remember characters,Moya
Category:Elephants Can Remember characters,Mr Barnaby
Category:Elephants Can Remember characters,Mr Buckle
Category:Elephants Can Remember characters,Mr Edmunds (Elephants Can Remember)
Category:Elephants Can Remember characters,Mr Goby
Category:Elephants Can Remember characters,Mrs Barnaby
Category:Elephants Can Remember characters,Mrs Buckle
Category:Elephants Can Remember characters,Mrs Burton-Cox
Category:Elephants Can Remember characters,Mrs Matcham
Category:Elephants Can Remember characters,Mrs Rosentelle
Category:Elephants Can Remember characters,Mrs Smith Potter
Category:Elephants Can Remember characters,Mrs Whittaker
Category:Elephants Can Remember characters,Mrs Willoughby
Category:Elephants Can Remember characters,Roddy Foster
Category:Elephants Can Remember characters,Sir Wesley Kent
Category:Elephants Can Remember characters,The Archers
Category:Elephants Can Remember characters,The Barnabys
Category:Elephants Can Remember characters,The Barnets
Category:Elephants Can Remember characters,The Fallowfields
Category:Elephants Can Remember characters,The Llewellyns
Category:Elephants Can Remember characters,Zelie Rouxelle
Category:Elephants Can Remember characters,Zélie Meauhourat
Category:Endless Night characters,Andrew Lipincott
Category:Endless Night characters,Aunt Beth
Category:Endless Night characters,Claudia Hardcastle
Category:Endless Night characters,Cora Van Stuyvesant
Category:Endless Night characters,Dimitri Constantine
Category:Endless Night characters,Dr Philpott
Category:Endless Night characters,Dr Shaw
Category:Endless Night characters,Ellie Rogers
Category:Endless Night characters,Esther Lee
Category:Endless Night characters,Frank Barton
Category:Endless Night characters,Geordie
Category:Endless Night characters,Gervase Phillpot
Category:Endless Night characters,Greta Andersen
Category:Endless Night characters,Herman Guteman
Category:Endless Night characters,Marjorie Phillpot
Category:Endless Night characters,Michael Rogers
Category:Endless Night characters,Minnie Thompson
Category:Endless Night characters,Mr Crawford
Category:Endless Night characters,Mrs Philpott
Category:Endless Night characters,Mrs Rogers (Endless Night)
Category:Endless Night characters,Nora Bennington
Category:Endless Night characters,Pete (Endless Night)
Category:Endless Night characters,Robbie Hayman
Category:Endless Night characters,Rudolf Santonix
Category:Endless Night characters,Sergeant Keene
Category:Endless Night characters,Stanford Lloyd
Category:Endless Night characters,Uncle Joshua
Category:Endless Night characters,William R. Pardoe
Category:Fiddlers Three characters,Dr Nolan
Category:Fiddlers Three characters,Gina Jones
Category:Fiddlers Three characters,Henry Panhacker
Category:Fiddlers Three characters,Mr Bogusian
Category:Fiddlers Three characters,Mr Moss
Category:Fiddlers Three characters,Mr Truscott
Category:Fiddlers Three characters,Sally Lee
Category:Fiddlers Three characters,Sam Fletcher
Category:Fiddlers Three characters,Solomon Panhacker
Category:Hallowe'en Party characters,Albert Spence
Category:Hallowe'en Party characters,Alfred Richmond
Category:Hallowe'en Party characters,Ann Reynolds
Category:Hallowe'en Party characters,Beatrice Ardley
Category:Hallowe'en Party characters,Cathie Grant
Category:Hallowe'en Party characters,Charlotte Benfield
Category:Hallowe'en Party characters,Colonel Weston (Hallowe'en Party)
Category:Hallowe'en Party characters,Desmond Holland
Category:Hallowe'en Party characters,Diana Brent
Category:Hallowe'en Party characters,Dr Ferguson
Category:Hallowe'en Party characters,Dr Worral
Category:Hallowe'en Party characters,Eddie Presweight
Category:Hallowe'en Party characters,Eddy (Hallowe'en Party)
Category:Hallowe'en Party characters,Edmund Drake
Category:Hallowe'en Party characters,Elizabeth Whittaker
Category:Hallowe'en Party characters,Elspeth McKay
Category:Hallowe'en Party characters,Frances Drake
Category:Hallowe'en Party characters,Harriet Leaman
Category:Hallowe'en Party characters,Harry Griffin
Category:Hallowe'en Party characters,Hugo Drake
Category:Hallowe'en Party characters,James Jenkins
Category:Hallowe'en Party characters,Janet White
Category:Hallowe'en Party characters,Jeremy Fullerton
Category:Hallowe'en Party characters,Joyce Reynolds
Category:Hallowe'en Party characters,Judith Butler
Category:Hallowe'en Party characters,Leopold Reynolds
Category:Hallowe'en Party characters,Lesley Ferrier
Category:Hallowe'en Party characters,Louise Llewellyn-Smythe
Category:Hallowe'en Party characters,Mary Doherty
Category:Hallowe'en Party characters,Michael Garfield
Category:Hallowe'en Party characters,Miranda Butler
Category:Hallowe'en Party characters,Miss Emlyn
Category:Hallowe'en Party characters,Miss Johnson (Hallowe'en Party)
Category:Hallowe'en Party characters,Miss Lee (Hallowe'en Party)
Category:Hallowe'en Party characters,Miss Miles
Category:Hallowe'en Party characters,Mr Atkinson (Hallowe'en Party)
Category:Hallowe'en Party characters,Mr Cole
Category:Hallowe'en Party characters,Mr Goby
Category:Hallowe'en Party characters,Mr Holden
Category:Hallowe'en Party characters,Mr Reynolds
Category:Hallowe'en Party characters,Mr Waterhouse
Category:Hallowe'en Party characters,Mrs Brand
Category:Hallowe'en Party characters,Mrs Cartwright
Category:Hallowe'en Party characters,Mrs Garlton
Category:Hallowe'en Party characters,Mrs Goodbody
Category:Hallowe'en Party characters,Mrs Grant
Category:Hallowe'en Party characters,Mrs Hargreaves (Hallowe'en Party)
Category:Hallowe'en Party characters,Mrs Minden
Category:Hallowe'en Party characters,Mrs Perring
Category:Hallowe'en Party characters,Mrs Reynolds
Category:Hallowe'en Party characters,Mrs Weston
Category:Hallowe'en Party characters,Nan (Hallowe'en Party)
Category:Hallowe'en Party characters,Nicholas Ransom
Category:Hallowe'en Party characters,Nora Ambrose
Category:Hallowe'en Party characters,Olga Seminoff
Category:Hallowe'en Party characters,Peter Gordon
Category:Hallowe'en Party characters,Reverend Charles Cotterell
Category:Hallowe'en Party characters,Robert (Hallowe'en Party)
Category:Hallowe'en Party characters,Rowena Drake
Category:Hallowe'en Party characters,Sandra Griffin
Category:Hallowe'en Party characters,Sergeant Goodwin
Category:Hallowe'en Party characters,Simon Lampton
Category:Hallowe'en Party characters,Solomon Levy
Category:Hallowe'en Party characters,Susan (Hallowe'en Party)
Category:Hallowe'en Party characters,Thomas Hudd
Category:Hallowe'en Party characters,Timothy Raglan
Category:Hickory Dickory Dock characters,Ahmed Ali
Category:Hickory Dickory Dock characters,Akibombo
Category:Hickory Dickory Dock characters,Celia Austin
Category:Hickory Dickory Dock characters,Chandra Lal
Category:Hickory Dickory Dock characters,Christina Nicoletis
Category:Hickory Dickory Dock characters,Colin McNabb
Category:Hickory Dickory Dock characters,Detective-Constable McCrae
Category:Hickory Dickory Dock characters,Elizabeth Johnston
Category:Hickory Dickory Dock characters,Geneviève Maricaud
Category:Hickory Dickory Dock characters,Geronimo (Hickory Dickory Dock)
Category:Hickory Dickory Dock characters,Giorgios Nicoletis
Category:Hickory Dickory Dock characters,Gopal Ram
Category:Hickory Dickory Dock characters,Inspector Sharpe
Category:Hickory Dickory Dock characters,Jean Tomlinson
Category:Hickory Dickory Dock characters,John Casterman
Category:Hickory Dickory Dock characters,Len Bateson
Category:Hickory Dickory Dock characters,Maria (Hickory Dickory Dock)
Category:Hickory Dickory Dock characters,Mildred Carey
Category:Hickory Dickory Dock characters,Miss Baltrout
Category:Hickory Dickory Dock characters,Miss Reinjeer
Category:Hickory Dickory Dock characters,Mr Endicott
Category:Hickory Dickory Dock characters,Mr Hicks
Category:Hickory Dickory Dock characters,Mrs Biggs
Category:Hickory Dickory Dock characters,Mrs Chapman
Category:Hickory Dickory Dock characters,Mrs Hubbard
Category:Hickory Dickory Dock characters,Mrs Lucas (Hickory Dickory Dock)
Category:Hickory Dickory Dock characters,Nigel Chapman
Category:Hickory Dickory Dock characters,Patricia Lane
Category:Hickory Dickory Dock characters,Police Constable Nye
Category:Hickory Dickory Dock characters,René Halle
Category:Hickory Dickory Dock characters,Sally Finch
Category:Hickory Dickory Dock characters,Sergeant Bell
Category:Hickory Dickory Dock characters,Sergeant Cobb
Category:Hickory Dickory Dock characters,Sir Arthur Stanley
Category:Hickory Dickory Dock characters,Superintendent Wilding
Category:Hickory Dickory Dock characters,Valerie Hobhouse
Category:In a Glass Darkly characters,Alan Carslake
Category:In a Glass Darkly characters,Barton (In a Glass Darkly)
Category:In a Glass Darkly characters,Captain Mountjoy
Category:In a Glass Darkly characters,Charles Crawley
Category:In a Glass Darkly characters,Charlotte Hardy
Category:In a Glass Darkly characters,Derek Wainwright
Category:In a Glass Darkly characters,Edward Carslake
Category:In a Glass Darkly characters,Lucy Jerrard
Category:In a Glass Darkly characters,Major Oldam
Category:In a Glass Darkly characters,Mary (In a Glass Darkly)
Category:In a Glass Darkly characters,Mr Hobbs
Category:In a Glass Darkly characters,Mrs Armitage
Category:In a Glass Darkly characters,Mrs Carslake (In a Glass Darkly)
Category:In a Glass Darkly characters,Mrs Hobbs
Category:In a Glass Darkly characters,Mrs Oldam
Category:In a Glass Darkly characters,Neil Carslake
Category:In a Glass Darkly characters,Sylvia Carslake
Category:In a Glass Darkly characters,Unnamed narrator (In a Glass Darkly)
Category:Jane in Search of a Job characters,Colonel Kranin
Category:Jane in Search of a Job characters,Count Feodor Alexandrovitch Streptitch
Category:Jane in Search of a Job characters,Countess of Anchester
Category:Jane in Search of a Job characters,Delemain
Category:Jane in Search of a Job characters,Detective-Inspector Farrell
Category:Jane in Search of a Job characters,Grand Duchess Pauline of Ostrova
Category:Jane in Search of a Job characters,Holly de Witt
Category:Jane in Search of a Job characters,Jane Cleveland
Category:Jane in Search of a Job characters,Manfred
Category:Jane in Search of a Job characters,Miss Northwood
Category:Jane in Search of a Job characters,Miss Thristle
Category:Jane in Search of a Job characters,Mr Bissell
Category:Jane in Search of a Job characters,Nigel Guest
Category:Jane in Search of a Job characters,Princess Anna Michaelovna Poporensky
Category:Jane in Search of a Job characters,Unnamed young man (Jane in Search of a job)
Category:Magnolia Blossom characters,Bates (Magnolia Blossom)
Category:Magnolia Blossom characters,Bobby Dorkins
Category:Magnolia Blossom characters,Charles Willerby
Category:Magnolia Blossom characters,Clare Hamilton
Category:Magnolia Blossom characters,Colonel Jaggers
Category:Magnolia Blossom characters,Imogen (Magnolia Blossom)
Category:Magnolia Blossom characters,Jack Anderson
Category:Magnolia Blossom characters,Marlita
Category:Magnolia Blossom characters,Richard Darrell
Category:Magnolia Blossom characters,Theo Darrell
Category:Magnolia Blossom characters,Vanessa (Magnolia Blossom)
Category:Magnolia Blossom characters,Vincent Easton
Category:Mr Eastwood's Adventure characters,Anna Rosenburg
Category:Mr Eastwood's Adventure characters,Anthony Eastwood
Category:Mr Eastwood's Adventure characters,Boris (Mr Eastwood's Adventure)
Category:Mr Eastwood's Adventure characters,Carmen Ferrarez
Category:Mr Eastwood's Adventure characters,Conrad Fleckman
Category:Mr Eastwood's Adventure characters,Detective-Inspector Verrall
Category:Mr Eastwood's Adventure characters,Detective-Sergeant Carter
Category:Mr Eastwood's Adventure characters,Don Fernando Ferrarez
Category:Mr Eastwood's Adventure characters,Inspector Driver
Category:Mr Eastwood's Adventure characters,Mother Gibson
Category:Mr Eastwood's Adventure characters,Rogers (Mr Eastwood's Adventure)
Category:Mr Eastwood's Adventure characters,Seamark
Category:Mr Eastwood's Adventure characters,The Patterson gang
Category:Mrs McGinty's Dead characters,Abigail McGinty
Category:Mrs McGinty's Dead characters,Albert Hayling
Category:Mrs McGinty's Dead characters,Albert Spence
Category:Mrs McGinty's Dead characters,Alfred Craig
Category:Mrs McGinty's Dead characters,Amy (Mrs McGinty's Dead)
Category:Mrs McGinty's Dead characters,Ben (Mrs McGinty's Dead)
Category:Mrs McGinty's Dead characters,Benson
Category:Mrs McGinty's Dead characters,Bert Kiddle
Category:Mrs McGinty's Dead characters,Bessie Burch
Category:Mrs McGinty's Dead characters,Cecil Leech
Category:Mrs McGinty's Dead characters,Charlie Masters
Category:Mrs McGinty's Dead characters,Croft
Category:Mrs McGinty's Dead characters,Deirdre Henderson
Category:Mrs McGinty's Dead characters,Denis Callory
Category:Mrs McGinty's Dead characters,Dr Rendell
Category:Mrs McGinty's Dead characters,Edith Wetherby
Category:Mrs McGinty's Dead characters,Edna (Mrs McGinty's Dead)
Category:Mrs McGinty's Dead characters,Ernie Kiddle
Category:Mrs McGinty's Dead characters,Eva Kane
Category:Mrs McGinty's Dead characters,Eve Carpenter
Category:Mrs McGinty's Dead characters,Evelyn Hope
Category:Mrs McGinty's Dead characters,Farmer Cole
Category:Mrs McGinty's Dead characters,Frieda
Category:Mrs McGinty's Dead characters,Graybrook
Category:Mrs McGinty's Dead characters,Guterman
Category:Mrs McGinty's Dead characters,Guy Carpenter
Category:Mrs McGinty's Dead characters,Herbert Courtland
Category:Mrs McGinty's Dead characters,James Bentley
Category:Mrs McGinty's Dead characters,Janet Groom
Category:Mrs McGinty's Dead characters,Janice Courtland
Category:Mrs McGinty's Dead characters,Jean Bellews
Category:Mrs McGinty's Dead characters,Joe Burch
Category:Mrs McGinty's Dead characters,Johnnie Summerhayes
Category:Mrs McGinty's Dead characters,Larkin (Mrs McGinty's Dead)
Category:Mrs McGinty's Dead characters,Laura Upward
Category:Mrs McGinty's Dead characters,Lily Gamboll
Category:Mrs McGinty's Dead characters,Maude Williams
Category:Mrs McGinty's Dead characters,Maureen Summerhayes
Category:Mrs McGinty's Dead characters,Michael West
Category:Mrs McGinty's Dead characters,Mr Courtland
Category:Mrs McGinty's Dead characters,Mr McGinty
Category:Mrs McGinty's Dead characters,Mr Scuttle
Category:Mrs McGinty's Dead characters,Mrs Bentley
Category:Mrs McGinty's Dead characters,Mrs Burp
Category:Mrs McGinty's Dead characters,Mrs Courtland
Category:Mrs McGinty's Dead characters,Mrs Craig
Category:Mrs McGinty's Dead characters,Mrs Elliot (Mrs McGinty's Dead)
Category:Mrs McGinty's Dead characters,Mrs Kiddle
Category:Mrs McGinty's Dead characters,Mrs Scott
Category:Mrs McGinty's Dead characters,Mrs Sweetiman
Category:Mrs McGinty's Dead characters,Pamela Horsfall
Category:Mrs McGinty's Dead characters,Piggy
Category:Mrs McGinty's Dead characters,Reg (Mrs McGinty's Dead)
Category:Mrs McGinty's Dead characters,Robin Upward
Category:Mrs McGinty's Dead characters,Roger Wetherby
Category:Mrs McGinty's Dead characters,Sergeant Fletcher (Mrs McGinty's Dead)
Category:Mrs McGinty's Dead characters,Sheelagh Rendell
Category:Mrs McGinty's Dead characters,Stanisdale
Category:Mrs McGinty's Dead characters,Tranter
Category:Mrs McGinty's Dead characters,Vera Blake
Category:Mrs McGinty's Dead characters,Verall
Category:Mrs McGinty's Dead characters,Whistler
Category:Murder is Easy characters,Alfred Wake
Category:Murder is Easy characters,Amy Gibbs
Category:Murder is Easy characters,Augustus (Murder is Easy)
Category:Murder is Easy characters,Avery (Murder is Easy)
Category:Murder is Easy characters,Bell (Murder is Easy)
Category:Murder is Easy characters,Ben Stanbury
Category:Murder is Easy characters,Bonner
Category:Murder is Easy characters,Bridget Conway
Category:Murder is Easy characters,Clarigold
Category:Murder is Easy characters,Detective Bull
Category:Murder is Easy characters,Detective-sergeant Jackson
Category:Murder is Easy characters,Emily (Murder is Easy)
Category:Murder is Easy characters,Emma Jane Pierce
Category:Murder is Easy characters,Florence Gibbs
Category:Murder is Easy characters,Geoffrey Thomas
Category:Murder is Easy characters,George Rogers
Category:Murder is Easy characters,Giles (Murder is Easy)
Category:Murder is Easy characters,Harry Carter
Category:Murder is Easy characters,Henry Temple
Category:Murder is Easy characters,Henry Wilson
Category:Murder is Easy characters,Hetty Jones
Category:Murder is Easy characters,Honoria Waynflete
Category:Murder is Easy characters,Jerry Boy
Category:Murder is Easy characters,Jessie Humbleby
Category:Murder is Easy characters,Jim Harvey
Category:Murder is Easy characters,Jimmy Amaike
Category:Murder is Easy characters,Jimmy Lorrimer
Category:Murder is Easy characters,John Humbleby
Category:Murder is Easy characters,John Reed
Category:Murder is Easy characters,Johnnie Cornish
Category:Murder is Easy characters,Jujube the II
Category:Murder is Easy characters,Lady Barbara
Category:Murder is Easy characters,Lavinia Pinkerton
Category:Murder is Easy characters,Leonard Waynflete
Category:Murder is Easy characters,Lord Whitfield
Category:Murder is Easy characters,Lucy Carter
Category:Murder is Easy characters,Luke Fitzwilliam
Category:Murder is Easy characters,Lydia Horton
Category:Murder is Easy characters,Major Horton
Category:Murder is Easy characters,Mark's Mile
Category:Murder is Easy characters,Mazeppa
Category:Murder is Easy characters,Michael Minchin
Category:Murder is Easy characters,Mildred (Murder is Easy)
Category:Murder is Easy characters,Mr Abbot (Murder is Easy)
Category:Murder is Easy characters,Mr Ellsworthy
Category:Murder is Easy characters,Mr Hobbs (Murder is Easy)
Category:Murder is Easy characters,Mr Jones (Murder is Easy)
Category:Murder is Easy characters,Mr Rivers
Category:Murder is Easy characters,Mr Satcherverell
Category:Murder is Easy characters,Mrs Anstruther
Category:Murder is Easy characters,Mrs Carter
Category:Murder is Easy characters,Mrs Church
Category:Murder is Easy characters,Mrs Jones (Murder is Easy)
Category:Murder is Easy characters,Mrs Pierce (Murder is Easy)
Category:Murder is Easy characters,Mrs Rose
Category:Murder is Easy characters,Nelly
Category:Murder is Easy characters,Nero
Category:Murder is Easy characters,Ngozi Ude
Category:Murder is Easy characters,Rose Humbleby
Category:Murder is Easy characters,Santony
Category:Murder is Easy characters,Superintendent Battle
Category:Murder is Easy characters,The Elkins (Murder is Easy)
Category:Murder is Easy characters,The Learys
Category:Murder is Easy characters,Tommy Pierce
Category:Murder is Easy characters,William Ossington
Category:Murder is Easy characters,Wonky Pooh
Category:Murder on the Orient Express characters,Antoinette Marceau
Category:Murder on the Orient Express characters,Antonio Foscarelli
Category:Murder on the Orient Express characters,Arabella Richardson
Category:Murder on the Orient Express characters,Aynesworth
Category:Murder on the Orient Express characters,Aziz Wadi
Category:Murder on the Orient Express characters,Caroline Hubbard
Category:Murder on the Orient Express characters,Cassetti
Category:Murder on the Orient Express characters,Category:Characters created for Agatha Christie: Murder on the Orient Express (2006 video game)
Category:Murder on the Orient Express characters,Colonel Arbuthnot
Category:Murder on the Orient Express characters,Colonel Armstrong
Category:Murder on the Orient Express characters,Cyrus Hardman
Category:Murder on the Orient Express characters,Daisy Armstrong
Category:Murder on the Orient Express characters,Dr Constantine
Category:Murder on the Orient Express characters,Edward Masterman
Category:Murder on the Orient Express characters,Freja Nielsen
Category:Murder on the Orient Express characters,Greta Ohlsson
Category:Murder on the Orient Express characters,Hector MacQueen
Category:Murder on the Orient Express characters,Helena Andrenyi
Category:Murder on the Orient Express characters,Hildegarde Schmidt
Category:Murder on the Orient Express characters,Hotaru Mori
Category:Murder on the Orient Express characters,Jean Faucher
Category:Murder on the Orient Express characters,Joanna Locke
Category:Murder on the Orient Express characters,Lieutenant Dubosc
Category:Murder on the Orient Express characters,Linda Arden
Category:Murder on the Orient Express characters,Mary Debenham
Category:Murder on the Orient Express characters,Monsieur Bouc
Category:Murder on the Orient Express characters,Mr Harris
Category:Murder on the Orient Express characters,Natalia Dragomiroff
Category:Murder on the Orient Express characters,Noah Nielsen
Category:Murder on the Orient Express characters,Pierre Michel (Murder on the Orient Express)
Category:Murder on the Orient Express characters,Rudolph Andrenyi
Category:Murder on the Orient Express characters,Samuel Edward Ratchett
Category:Murder on the Orient Express characters,Selby Armstrong
Category:Murder on the Orient Express characters,Sir Henry Tomlinson
Category:Murder on the Orient Express characters,Sonia Armstrong
Category:Murder on the Orient Express characters,Susanne Michel
Category:Murder on the Orient Express characters,Tommy Armstrong
Category:Murder on the Orient Express characters,W. K. Van der Halt
Category:Murder on the Orient Express characters,Zia (Murder On The Orient Express)
"Category:One, Two, Buckle My Shoe characters",Agnes Fletcher
"Category:One, Two, Buckle My Shoe characters",Albert Chapman
"Category:One, Two, Buckle My Shoe characters",Alfred Biggs
"Category:One, Two, Buckle My Shoe characters",Alice Adams
"Category:One, Two, Buckle My Shoe characters",Alison Hendry
"Category:One, Two, Buckle My Shoe characters",Alistair Blunt
"Category:One, Two, Buckle My Shoe characters",Amberiotis
"Category:One, Two, Buckle My Shoe characters",Archerton
"Category:One, Two, Buckle My Shoe characters",Beryl Chapman
"Category:One, Two, Buckle My Shoe characters",Betty Heath
"Category:One, Two, Buckle My Shoe characters",Burton
"Category:One, Two, Buckle My Shoe characters",Colonel Abercrombie
"Category:One, Two, Buckle My Shoe characters",Detective Sergeant Beddoes
"Category:One, Two, Buckle My Shoe characters",Dr Bennett
"Category:One, Two, Buckle My Shoe characters","Emma (One, Two, Buckle My Shoe)"
"Category:One, Two, Buckle My Shoe characters",Felipe di Sanseverato
"Category:One, Two, Buckle My Shoe characters",Frank Carter
"Category:One, Two, Buckle My Shoe characters",Georgina Morley
"Category:One, Two, Buckle My Shoe characters",Gerda Blunt
"Category:One, Two, Buckle My Shoe characters",Gladys Nevill
"Category:One, Two, Buckle My Shoe characters",Helen Montressor
"Category:One, Two, Buckle My Shoe characters",Henry Morley
"Category:One, Two, Buckle My Shoe characters",Howard Raikes
"Category:One, Two, Buckle My Shoe characters",Jane Olivera
"Category:One, Two, Buckle My Shoe characters",Julia Olivera
"Category:One, Two, Buckle My Shoe characters",Lady Grant
"Category:One, Two, Buckle My Shoe characters",Mabelle Sainsbury Seale
"Category:One, Two, Buckle My Shoe characters",MacAlister
"Category:One, Two, Buckle My Shoe characters",Miss Kirby
"Category:One, Two, Buckle My Shoe characters",Mr French
"Category:One, Two, Buckle My Shoe characters",Mr Hendry
"Category:One, Two, Buckle My Shoe characters",Mr Leatheran
"Category:One, Two, Buckle My Shoe characters",Mr Selby
"Category:One, Two, Buckle My Shoe characters",Mrs Bolitho
"Category:One, Two, Buckle My Shoe characters","Mrs Harrison (One, Two, Buckle My Shoe)"
"Category:One, Two, Buckle My Shoe characters",Mrs Merton
"Category:One, Two, Buckle My Shoe characters",Mrs Ruxton
"Category:One, Two, Buckle My Shoe characters",Mrs Soames
"Category:One, Two, Buckle My Shoe characters","Nellie (One, Two, Buckle My Shoe)"
"Category:One, Two, Buckle My Shoe characters",Ram Lal
"Category:One, Two, Buckle My Shoe characters",Rebecca Arnholt
"Category:One, Two, Buckle My Shoe characters",Reginald Barnes
"Category:One, Two, Buckle My Shoe characters","Reilly (One, Two, Buckle My Shoe)"
"Category:One, Two, Buckle My Shoe characters",Samuel Rotherstein
"Category:One, Two, Buckle My Shoe characters",Sylvia Chapman
"Category:One, Two, Buckle My Shoe characters",The Rotherstein family
Category:Philomel Cottage characters,Alix Martin
Category:Philomel Cottage characters,Dick Windyford
Category:Philomel Cottage characters,George (Philomel Cottage)
Category:Philomel Cottage characters,Gerald Martin
Category:Postern of Fate characters,Alexander Parkinson
Category:Postern of Fate characters,Amy Batt
Category:Postern of Fate characters,Andrew (Postern of Fate)
Category:Postern of Fate characters,Angus Crispin
Category:Postern of Fate characters,Beatrice (Postern of Fate)
Category:Postern of Fate characters,Benny (Postern of Fate)
Category:Postern of Fate characters,Bert (Postern of Fate)
Category:Postern of Fate characters,Betty (Postern of Fate)
Category:Postern of Fate characters,Betty Sprot
Category:Postern of Fate characters,Clarence (Postern of Fate)
Category:Postern of Fate characters,Colonel Atkinson
Category:Postern of Fate characters,Daisy Sherfield
Category:Postern of Fate characters,Deborah Beresford
Category:Postern of Fate characters,Dorothy Little
Category:Postern of Fate characters,Dorothy Rogers
Category:Postern of Fate characters,Dr Crossfield
Category:Postern of Fate characters,Edie Crone
Category:Postern of Fate characters,Elizabeth (Postern of Fate)
Category:Postern of Fate characters,Ephraim Pikeaway
Category:Postern of Fate characters,Fred (Postern of Fate)
Category:Postern of Fate characters,George (Postern of Fate)
Category:Postern of Fate characters,Gladys (Postern of Fate)
Category:Postern of Fate characters,Gwenda (Postern of Fate)
Category:Postern of Fate characters,Hannibal
Category:Postern of Fate characters,Helen Gilbert
Category:Postern of Fate characters,Henry Bodlicott
Category:Postern of Fate characters,Henry Horsham
Category:Postern of Fate characters,Inspector Norris
Category:Postern of Fate characters,Iris Mullins
Category:Postern of Fate characters,Isaac Bodlicott
Category:Postern of Fate characters,James (Postern of Fate)
Category:Postern of Fate characters,Janet (Granddaughter of Tommy and Tuppence)
Category:Postern of Fate characters,Janet (Junior Brigade)
Category:Postern of Fate characters,Janet (Postern of Fate)
Category:Postern of Fate characters,Jenny Bassington
Category:Postern of Fate characters,Johnny Bodlicott
Category:Postern of Fate characters,Margaret Dickson
Category:Postern of Fate characters,Margery (Postern of Fate)
Category:Postern of Fate characters,Mary Jordan
Category:Postern of Fate characters,Maudie (Postern of Fate)
Category:Postern of Fate characters,Mick (Postern of Fate)
Category:Postern of Fate characters,Miss Bolland
Category:Postern of Fate characters,Miss Collodon
Category:Postern of Fate characters,Miss Price-Ridley
Category:Postern of Fate characters,Miss Sanderson
Category:Postern of Fate characters,Mollie (Postern of Fate)
Category:Postern of Fate characters,Mollie Short
Category:Postern of Fate characters,Mr Durrance
Category:Postern of Fate characters,Mr Robinson
Category:Postern of Fate characters,Mrs Barber
Category:Postern of Fate characters,Mrs Beddingfield
Category:Postern of Fate characters,Mrs Billings
Category:Postern of Fate characters,Mrs Bodlicott
Category:Postern of Fate characters,Mrs Henderson (Postern of Fate)
Category:Postern of Fate characters,Mrs Hendley
Category:Postern of Fate characters,Mrs Lupton
Category:Postern of Fate characters,Mutton-Chop
Category:Postern of Fate characters,Pamela Bassington
Category:Postern of Fate characters,Rosalie (Postern of Fate)
Category:Postern of Fate characters,Rosemary (Postern of Fate)
Category:Postern of Fate characters,Stephen Bodlicott
Category:Postern of Fate characters,Tom Gillingham
Category:Postern of Fate characters,Tuppence's Junior Brigade
Category:Postern of Fate characters,Uncle Len
Category:Postern of Fate characters,Winifred Griffin
Category:Sing a Song of Sixpence characters,Armour
Category:Sing a Song of Sixpence characters,Ben (Sing a Song of Sixpence)
Category:Sing a Song of Sixpence characters,Emily Crabtree
Category:Sing a Song of Sixpence characters,Ethel (Sing a Song of Sixpence)
Category:Sing a Song of Sixpence characters,Lily Crabtree
Category:Sing a Song of Sixpence characters,Magdalen Vaughan
Category:Sing a Song of Sixpence characters,Martha (Sing a Song of Sixpence)
Category:Sing a Song of Sixpence characters,Matthew Vaughan
Category:Sing a Song of Sixpence characters,Sir Edward Palliser
Category:Sing a Song of Sixpence characters,William Crabtree
Category:Sleeping Murder characters,Alison Danby
Category:Sleeping Murder characters,Aunt Lavender
Category:Sleeping Murder characters,Beatrice (Sleeping Murder)
Category:Sleeping Murder characters,Charles Vanstone
Category:Sleeping Murder characters,Colonel Melrose (Sleeping Murder)
Category:Sleeping Murder characters,Dorothy Afflick
Category:Sleeping Murder characters,Dorothy Yarde
Category:Sleeping Murder characters,Dr Brent
Category:Sleeping Murder characters,Dr Haydock
Category:Sleeping Murder characters,Dr Lazenby (Sleeping Murder)
Category:Sleeping Murder characters,Dr McGuire
Category:Sleeping Murder characters,Dr Penrose
Category:Sleeping Murder characters,Edie Pagett
Category:Sleeping Murder characters,Eleanor Fane
Category:Sleeping Murder characters,Ellen Pugg
Category:Sleeping Murder characters,Esther (Sleeping Murder)
Category:Sleeping Murder characters,Evelyn (Sleeping Murder)
Category:Sleeping Murder characters,Evie Ballantine
Category:Sleeping Murder characters,Foster (Sleeping Murder)
Category:Sleeping Murder characters,Freddie Lovelace
Category:Sleeping Murder characters,George Erskine
Category:Sleeping Murder characters,Gerald Fane
Category:Sleeping Murder characters,Giles Reed
Category:Sleeping Murder characters,Gladys Galbraith
Category:Sleeping Murder characters,Gwenda Reed
Category:Sleeping Murder characters,Helen Halliday
Category:Sleeping Murder characters,Henry (Sleeping Murder)
Category:Sleeping Murder characters,Hugh Hornbeam
Category:Sleeping Murder characters,Inspector Chopra
Category:Sleeping Murder characters,Inspector Last
Category:Sleeping Murder characters,Inspector Primer
Category:Sleeping Murder characters,Jackie Afflick
Category:Sleeping Murder characters,James Kennedy
Category:Sleeping Murder characters,Janet Erskine
Category:Sleeping Murder characters,Jim Kimble
Category:Sleeping Murder characters,Kelvin Halliday
Category:Sleeping Murder characters,Leonie (Sleeping Murder)
Category:Sleeping Murder characters,Lily Kimble
Category:Sleeping Murder characters,Lionel Luft
Category:Sleeping Murder characters,Louisa (Sleeping Murder)
Category:Sleeping Murder characters,Major Hengrave
Category:Sleeping Murder characters,Manning (Sleeping Murder)
Category:Sleeping Murder characters,Megan Halliday
Category:Sleeping Murder characters,Miss Narracott
Category:Sleeping Murder characters,Mohammed Hassan
Category:Sleeping Murder characters,Mr Barrett
Category:Sleeping Murder characters,Mr Dovey
Category:Sleeping Murder characters,Mr Galbraith
Category:Sleeping Murder characters,Mr Mountford
Category:Sleeping Murder characters,Mr Narracott
Category:Sleeping Murder characters,Mr Penderley
Category:Sleeping Murder characters,Mr Saunders
Category:Sleeping Murder characters,Mr Sims (Sleeping Murder)
Category:Sleeping Murder characters,Mrs Cocker
Category:Sleeping Murder characters,Mrs Finderson
Category:Sleeping Murder characters,Mrs Findeyson
Category:Sleeping Murder characters,Mrs Hengrave
Category:Sleeping Murder characters,Mrs Mountford
Category:Sleeping Murder characters,Mrs Saunders (Sleeping Murder)
Category:Sleeping Murder characters,Princess Adlemar of Holstein-Rotz
Category:Sleeping Murder characters,Raymond West
Category:Sleeping Murder characters,Reg (Sleeping Murder)
Category:Sleeping Murder characters,Richard Erskine
Category:Sleeping Murder characters,Robert Fane
Category:Sleeping Murder characters,Sergeant Desai
Category:Sleeping Murder characters,Sergeant MacAuley
Category:Sleeping Murder characters,Taylor (Sleeping Murder)
Category:Sleeping Murder characters,The Elworthy family
Category:Sleeping Murder characters,Thomas (Sleeping Murder)
Category:Sleeping Murder characters,Walter Fane
Category:Spider's Web characters,Andy Hulme
Category:Spider's Web characters,Charles Sellon
Category:Spider's Web characters,Clarissa Hailsham-Brown
Category:Spider's Web characters,Constable Jones (Spider's Web)
Category:Spider's Web characters,Henry Hailsham-Brown
Category:Spider's Web characters,Hugo Birch
Category:Spider's Web characters,Inspector Lord
Category:Spider's Web characters,Jeanette Collins
Category:Spider's Web characters,Jeremy Warrender
Category:Spider's Web characters,Kalendorff
Category:Spider's Web characters,Mildred Peake
Category:Spider's Web characters,Miranda Hailsham-Brown
Category:Spider's Web characters,Miss Farrow
Category:Spider's Web characters,Miss Wilkinson
Category:Spider's Web characters,Mr Elgin
Category:Spider's Web characters,Mr Jones (Spider's Web)
Category:Spider's Web characters,Mrs Brown
Category:Spider's Web characters,Mrs Elgin
Category:Spider's Web characters,Oliver Costello
Category:Spider's Web characters,Pippa Hailsham-Brown
Category:Spider's Web characters,Sir John (Spider 's Web)
Category:Spider's Web characters,Sir Rowland Delahaye
Category:Taken at the Flood characters,Adela Marchmont
Category:Taken at the Flood characters,Albert Spence
Category:Taken at the Flood characters,Anthony Cloade
Category:Taken at the Flood characters,Beatrice Lippincott
Category:Taken at the Flood characters,Charles Trenton
Category:Taken at the Flood characters,Constable Peacock
Category:Taken at the Flood characters,Count Bismarck
Category:Taken at the Flood characters,David Hunter
Category:Taken at the Flood characters,Edna (Taken at the Flood)
Category:Taken at the Flood characters,Eileen Corrigan
Category:Taken at the Flood characters,Elizabeth Game
Category:Taken at the Flood characters,Enoch Arden (Taken at the Flood)
Category:Taken at the Flood characters,Frances Cloade
Category:Taken at the Flood characters,Gerald (Taken at the Flood)
Category:Taken at the Flood characters,Gladys Aitkin
Category:Taken at the Flood characters,Gordon Cloade
Category:Taken at the Flood characters,Graves (Taken at the Flood)
Category:Taken at the Flood characters,Jeremy Cloade
Category:Taken at the Flood characters,Jimmy Pierce
Category:Taken at the Flood characters,Joan Macrae
Category:Taken at the Flood characters,Johnnie Vavasour
Category:Taken at the Flood characters,Katherine Cloade
Category:Taken at the Flood characters,Lily (Taken at the Flood)
Category:Taken at the Flood characters,Lionel Cloade
Category:Taken at the Flood characters,Lord Edward Trenton
Category:Taken at the Flood characters,Lynn Marchmont
Category:Taken at the Flood characters,Madame Elvary
Category:Taken at the Flood characters,Major Porter
Category:Taken at the Flood characters,Marjorie Macrae
Category:Taken at the Flood characters,Maurice Cloade
Category:Taken at the Flood characters,Mr Mellon
Category:Taken at the Flood characters,Mr Pebmarsh
Category:Taken at the Flood characters,Mrs Leadbetter
Category:Taken at the Flood characters,Mullard
Category:Taken at the Flood characters,Robert Underhay
Category:Taken at the Flood characters,Rosaleen Cloade
Category:Taken at the Flood characters,Rowley Cloade
Category:Taken at the Flood characters,Sandbox
Category:Taken at the Flood characters,Sergeant Vane
Category:Taken at the Flood characters,Tom (Taken at the Flood)
Category:The A.B.C. Murders characters,A.B.C.
Category:The A.B.C. Murders characters,Albert Riddell
Category:The A.B.C. Murders characters,Alexander Bonaparte Cust
Category:The A.B.C. Murders characters,Alice Ascher
Category:The A.B.C. Murders characters,Bert Smith
Category:The A.B.C. Murders characters,Betty Barnard
Category:The A.B.C. Murders characters,Capper
Category:The A.B.C. Murders characters,Carmichael Clarke
Category:The A.B.C. Murders characters,Charlotte Clarke
Category:The A.B.C. Murders characters,Colonel Anderson
Category:The A.B.C. Murders characters,Colonel Jerome
Category:The A.B.C. Murders characters,Constable Briggs
Category:The A.B.C. Murders characters,Constable Dover
Category:The A.B.C. Murders characters,Cracknell
Category:The A.B.C. Murders characters,Curdie
Category:The A.B.C. Murders characters,Deveril
Category:The A.B.C. Murders characters,Dick Willows
Category:The A.B.C. Murders characters,Donald Fraser
Category:The A.B.C. Murders characters,Dr Kerr
Category:The A.B.C. Murders characters,Dr Logan
Category:The A.B.C. Murders characters,Dr Thompson
Category:The A.B.C. Murders characters,Duncan Doncaster
Category:The A.B.C. Murders characters,Edie Fowler
Category:The A.B.C. Murders characters,Franklin Clarke
Category:The A.B.C. Murders characters,Franz Ascher
Category:The A.B.C. Murders characters,Geoffrey Parnell
Category:The A.B.C. Murders characters,George (The A.B.C. Murders)
Category:The A.B.C. Murders characters,George Earlsfield
Category:The A.B.C. Murders characters,Harry (The A.B.C. Murders)
Category:The A.B.C. Murders characters,Inspector Crome
Category:The A.B.C. Murders characters,Inspector Glen
Category:The A.B.C. Murders characters,Inspector Kelsey (The A.B.C. Murders)
Category:The A.B.C. Murders characters,Inspector Rice (The A.B.C. Murders)
Category:The A.B.C. Murders characters,Inspector Wells
Category:The A.B.C. Murders characters,James Partridge
Category:The A.B.C. Murders characters,Jameson (The A.B.C. Murders)
Category:The A.B.C. Murders characters,Katherine Royal
Category:The A.B.C. Murders characters,Lily Marbury
Category:The A.B.C. Murders characters,Lucas (The A.B.C. Murders)
Category:The A.B.C. Murders characters,Mabel Homer
Category:The A.B.C. Murders characters,Mary Drower
Category:The A.B.C. Murders characters,Mary Stroud
Category:The A.B.C. Murders characters,Maynard
Category:The A.B.C. Murders characters,Megan Barnard
Category:The A.B.C. Murders characters,Milly Higley
Category:The A.B.C. Murders characters,Miss Merrion
Category:The A.B.C. Murders characters,Miss Rose
Category:The A.B.C. Murders characters,Mr Ball
Category:The A.B.C. Murders characters,Mr Barnard
Category:The A.B.C. Murders characters,Mr Hill (The A.B.C. Murders)
Category:The A.B.C. Murders characters,Mr Leadbetter
Category:The A.B.C. Murders characters,Mrs Barnard (The A.B.C. Murders)
Category:The A.B.C. Murders characters,Mrs Drower
Category:The A.B.C. Murders characters,Mrs Fortune
Category:The A.B.C. Murders characters,Mrs Fowler
Category:The A.B.C. Murders characters,Mrs Marbury
Category:The A.B.C. Murders characters,Mrs Turton
Category:The A.B.C. Murders characters,Nurse Capstick
Category:The A.B.C. Murders characters,Platt
Category:The A.B.C. Murders characters,Roger Downes
Category:The A.B.C. Murders characters,Sam Baker
Category:The A.B.C. Murders characters,Sergeant Jacobs
Category:The A.B.C. Murders characters,Sir Lionel (The A.B.C. Murders)
Category:The A.B.C. Murders characters,Strange
Category:The A.B.C. Murders characters,Superintendent Carter
Category:The A.B.C. Murders characters,Thora Grey
Category:The A.B.C. Murders characters,Tom (The A.B.C. Murders)
Category:The A.B.C. Murders characters,Tom Hartigan
Category:The A.B.C. Murders characters,Wolf
Category:The Body in the Library characters,Adelaide Jefferson
Category:The Body in the Library characters,Albert Biggs
Category:The Body in the Library characters,Alice (The Body in the Library)
Category:The Body in the Library characters,Amanda Hartnell
Category:The Body in the Library characters,Arthur Bantry
Category:The Body in the Library characters,Basil Blake
Category:The Body in the Library characters,Beatrice Henniker
Category:The Body in the Library characters,Billy Palk
Category:The Body in the Library characters,Bridget (The Body in the Library)
Category:The Body in the Library characters,Briggs (The Body in the Library)
Category:The Body in the Library characters,Caroline Weatherby
Category:The Body in the Library characters,Clara (The Murder at the Vicarage)
Category:The Body in the Library characters,Constable Gregg
Category:The Body in the Library characters,Conway Jefferson
Category:The Body in the Library characters,David Clement
Category:The Body in the Library characters,Detective Superintendent Harper
Category:The Body in the Library characters,Dinah Lee
Category:The Body in the Library characters,Dolly Bantry
Category:The Body in the Library characters,Dr Haydock
Category:The Body in the Library characters,Dr Metcalf
Category:The Body in the Library characters,Edie Chetty
Category:The Body in the Library characters,Edwards (The Body in the Library)
Category:The Body in the Library characters,Esther (The Body in the Library)
Category:The Body in the Library characters,Fletcher (The Body in the Library)
Category:The Body in the Library characters,Florence Small
Category:The Body in the Library characters,Frank Jefferson
Category:The Body in the Library characters,George Bartlett
Category:The Body in the Library characters,Griselda Clement
Category:The Body in the Library characters,Henry Clithering
Category:The Body in the Library characters,Hugo McLean
Category:The Body in the Library characters,Inspector Slack
Category:The Body in the Library characters,Janet (The Body in the Library)
Category:The Body in the Library characters,Jessie Davis (The Body in the Library)
Category:The Body in the Library characters,Jessie Golden
Category:The Body in the Library characters,Josie Turner
Category:The Body in the Library characters,Leonard Clement
Category:The Body in the Library characters,Lilian Ridgeway
Category:The Body in the Library characters,Lorrimer (The Body in the Library)
Category:The Body in the Library characters,Lucinda (The Body in the Library)
Category:The Body in the Library characters,Major Bury
Category:The Body in the Library characters,Major Reeves
Category:The Body in the Library characters,Malcolm (The Body in the Library)
Category:The Body in the Library characters,Margaret Jefferson
Category:The Body in the Library characters,Mark Gaskell
Category:The Body in the Library characters,Martha Price-Ridley
Category:The Body in the Library characters,Mary (The Body in the Library)
Category:The Body in the Library characters,Mary Price
Category:The Body in the Library characters,Mike Carmody
Category:The Body in the Library characters,Miss Harbottle
Category:The Body in the Library characters,Mr Badger
Category:The Body in the Library characters,Mr Brogan
Category:The Body in the Library characters,Mr Cargill
Category:The Body in the Library characters,Mr Golden
Category:The Body in the Library characters,Mr Harbottle
Category:The Body in the Library characters,Mr Prestcott
Category:The Body in the Library characters,Mrs Badger
Category:The Body in the Library characters,Mrs Barnard (The Body in the Library)
Category:The Body in the Library characters,Mrs Chetty
Category:The Body in the Library characters,Mrs Eccles (The Body in the Library)
Category:The Body in the Library characters,Mrs Martin
Category:The Body in the Library characters,Mrs Palk
Category:The Body in the Library characters,Mrs Partridge
Category:The Body in the Library characters,Mrs Saunders (The Body in the Library)
Category:The Body in the Library characters,Muswell
Category:The Body in the Library characters,Nichols (The Body in the Library)
Category:The Body in the Library characters,Pamela Reeves
Category:The Body in the Library characters,Peter Carmody
Category:The Body in the Library characters,Pringle (The Body in the Library)
Category:The Body in the Library characters,Raymond Starr
Category:The Body in the Library characters,Rosamund Gaskell
Category:The Body in the Library characters,Ruby Keene
Category:The Body in the Library characters,Scamper
Category:The Body in the Library characters,Selina Blake
Category:The Body in the Library characters,Sergeant Higgins
Category:The Body in the Library characters,Terence Melchett
Category:The Body in the Library characters,Tommy Bond
Category:The Body in the Library characters,WPC Campbell
Category:The Body in the Library characters,William Booker
Category:The Gypsy characters,Alistair Haworth
Category:The Gypsy characters,Arthur Lawes
Category:The Gypsy characters,Cristine (The Gypsy)
Category:The Gypsy characters,Dickie Carpenter
Category:The Gypsy characters,Esther Lawes
Category:The Gypsy characters,Macfarlane
Category:The Gypsy characters,Maurice Haworth
Category:The Gypsy characters,Mrs Rowse
Category:The Gypsy characters,Old Lawes
Category:The Gypsy characters,Rachel Lawes
Category:The Hollow characters,Albert (The Hollow)
Category:The Hollow characters,Beryl Collins
Category:The Hollow characters,Cholmondeley-Majoribanks
Category:The Hollow characters,David Angkatell
Category:The Hollow characters,Doris Emmott
Category:The Hollow characters,Doris Saunders
Category:The Hollow characters,Edward Angkatell
Category:The Hollow characters,Elderton
Category:The Hollow characters,Elsie Patterson
Category:The Hollow characters,Françoise (The Hollow)
Category:The Hollow characters,Geoffrey Angkatell
Category:The Hollow characters,Gerda Christow
Category:The Hollow characters,Gudgeon
Category:The Hollow characters,Henrietta Savernake
Category:The Hollow characters,Henry Angkatell
Category:The Hollow characters,Hope-Remmington
Category:The Hollow characters,Inspector Grange
Category:The Hollow characters,Jane (The Hollow)
Category:The Hollow characters,John Christow
Category:The Hollow characters,Lewis (The Hollow)
Category:The Hollow characters,Lucy Angkatell
Category:The Hollow characters,Madame Alfrege
Category:The Hollow characters,Mears
Category:The Hollow characters,Midge Hardcastle
Category:The Hollow characters,Mrs Bondy
Category:The Hollow characters,Mrs Crabtree
Category:The Hollow characters,Mrs Forrester
Category:The Hollow characters,Mrs Mears
Category:The Hollow characters,Mrs Medway
Category:The Hollow characters,Mrs Pearstock
Category:The Hollow characters,Radley
Category:The Hollow characters,Sergeant Clark
Category:The Hollow characters,Sergeant Coombes (The Hollow)
Category:The Hollow characters,Simmons
Category:The Hollow characters,Teddy Grange
Category:The Hollow characters,Terence Christow
Category:The Hollow characters,Tremlet
Category:The Hollow characters,Veronica Cray
Category:The Hollow characters,Victor (The Hollow)
Category:The Hollow characters,Zena Christow
Category:The Hound of Death characters,Dr Laird
Category:The Hound of Death characters,Dr Rose
Category:The Hound of Death characters,Kitty (The Hound of Death)
Category:The Hound of Death characters,Marie Angelique
Category:The Hound of Death characters,Mr Anstruther
Category:The Hound of Death characters,William P. Ryan
Category:The Man in the Brown Suit characters,Anita Grünberg
Category:The Man in the Brown Suit characters,Anne Beddingfeld
Category:The Man in the Brown Suit characters,Arthur Minks
Category:The Man in the Brown Suit characters,Augustus Milray
Category:The Man in the Brown Suit characters,Caroline James
Category:The Man in the Brown Suit characters,Colonel Johnnie Race
Category:The Man in the Brown Suit characters,Count Sergius Paulovitch
Category:The Man in the Brown Suit characters,Edward Chichester
Category:The Man in the Brown Suit characters,Emily (The Man in the Brown Suit)
Category:The Man in the Brown Suit characters,Eustace Pedler
Category:The Man in the Brown Suit characters,Guy Pagett
Category:The Man in the Brown Suit characters,Harry Lucas
Category:The Man in the Brown Suit characters,Henry Flemming
Category:The Man in the Brown Suit characters,Inspector Meadows (The Man in the Brown Suit)
Category:The Man in the Brown Suit characters,Jarvis (The Man in the Brown Suit)
Category:The Man in the Brown Suit characters,Jeanne (The Man in the Brown Suit)
Category:The Man in the Brown Suit characters,John Eardsley
Category:The Man in the Brown Suit characters,John James
Category:The Man in the Brown Suit characters,L. B. Carton
Category:The Man in the Brown Suit characters,Lord Nasby
Category:The Man in the Brown Suit characters,Marquis of Loamsley
Category:The Man in the Brown Suit characters,Miss Pettigrew
Category:The Man in the Brown Suit characters,Mrs Flemming
Category:The Man in the Brown Suit characters,Mrs de Castina
Category:The Man in the Brown Suit characters,Nadina (The Man in the Brown Suit)
Category:The Man in the Brown Suit characters,Professor Beddingfeld
Category:The Man in the Brown Suit characters,Professor Peterson
Category:The Man in the Brown Suit characters,Reeves (The Man in the Brown Suit)
Category:The Man in the Brown Suit characters,Sir Laurence Eardsley
Category:The Man in the Brown Suit characters,Suzanne Blair
Category:The Man in the Brown Suit characters,The Colonel (The Man in the Brown Suit)
Category:The Man in the Brown Suit characters,Valerie (The Man in the Brown Suit)
Category:The Manhood of Edward Robinson characters,Agnes Larella
Category:The Manhood of Edward Robinson characters,Diana (The Manhood of Edward Robinson)
Category:The Manhood of Edward Robinson characters,Edward Champneys
Category:The Manhood of Edward Robinson characters,Edward Robinson
Category:The Manhood of Edward Robinson characters,Gerald Champneys
Category:The Manhood of Edward Robinson characters,Grosvenor (The Manhood of Edward Robinson)
Category:The Manhood of Edward Robinson characters,Guy (The Manhood of Edward Robinson)
Category:The Manhood of Edward Robinson characters,Herbert Maynard
Category:The Manhood of Edward Robinson characters,James Folliot
Category:The Manhood of Edward Robinson characters,Jeremy (The Manhood of Edward Robinson)
Category:The Manhood of Edward Robinson characters,Lady Noreen Elliot
Category:The Manhood of Edward Robinson characters,Lord Melbury
Category:The Manhood of Edward Robinson characters,Louise (The Manhood of Edward Robinson)
Category:The Manhood of Edward Robinson characters,Maud (The Manhood of Edward Robinson)
Category:The Manhood of Edward Robinson characters,Millie (The Manhood of Edward Robinson)
Category:The Manhood of Edward Robinson characters,Mrs Lithinglow
Category:The Manhood of Edward Robinson characters,Poppy (The Manhood of Edward Robinson)
Category:The Manhood of Edward Robinson characters,Sebastian (The Manhood of Edward Robinson)
Category:The Moving Finger characters,Agnes Barton
Category:The Moving Finger characters,Agnes Woddell
Category:The Moving Finger characters,Aimée Griffith
Category:The Moving Finger characters,Antoine (The Moving Finger)
Category:The Moving Finger characters,Beatrice Baker
Category:The Moving Finger characters,Bert Rundle
Category:The Moving Finger characters,Brian Symmington
Category:The Moving Finger characters,Caleb Dane Calthrop
Category:The Moving Finger characters,Colin Symmington
Category:The Moving Finger characters,Colonel Appleton
Category:The Moving Finger characters,Constable Johnson (The Moving Finger)
Category:The Moving Finger characters,Edith Barton
Category:The Moving Finger characters,Elsie Holland
Category:The Moving Finger characters,Emily Barton
Category:The Moving Finger characters,Emory
Category:The Moving Finger characters,Florence Elford
Category:The Moving Finger characters,Fred Rendell
Category:The Moving Finger characters,George (The Moving Finger)
Category:The Moving Finger characters,Graves (The Moving Finger)
Category:The Moving Finger characters,Hunter (The Moving Finger)
Category:The Moving Finger characters,Jamie Blackwell
Category:The Moving Finger characters,Jasper Harrington-West
Category:The Moving Finger characters,Jennifer Clark
Category:The Moving Finger characters,Jerry Burton
Category:The Moving Finger characters,Joanna Burton
Category:The Moving Finger characters,Lasher
Category:The Moving Finger characters,Mabel Barton
Category:The Moving Finger characters,Marcus Kent
Category:The Moving Finger characters,Mary Blackwell
Category:The Moving Finger characters,Mary Grey
Category:The Moving Finger characters,Maud Dane Calthrop
Category:The Moving Finger characters,Megan Hunter
Category:The Moving Finger characters,Minnie Barton
Category:The Moving Finger characters,Miss Batworthy
Category:The Moving Finger characters,Miss Ginch
Category:The Moving Finger characters,Mona Symmington
Category:The Moving Finger characters,Mr Cleat
Category:The Moving Finger characters,Mrs Baker
Category:The Moving Finger characters,Mrs Cleat
Category:The Moving Finger characters,Mrs Mudge
Category:The Moving Finger characters,Owen Griffith
Category:The Moving Finger characters,Partridge (The Moving Finger)
Category:The Moving Finger characters,Paul (The Moving Finger)
Category:The Moving Finger characters,Pye (The Moving Finger)
Category:The Moving Finger characters,Richard Symmington
Category:The Moving Finger characters,Rose (The Moving Finger)
Category:The Moving Finger characters,Sergeant Parkins
Category:The Moving Finger characters,Superintendent Nash
Category:The Murder of Roger Ackroyd characters,Annie (The Murder of Roger Ackroyd)
Category:The Murder of Roger Ackroyd characters,Ashley Ferrars
Category:The Murder of Roger Ackroyd characters,Bruce MacPherson
Category:The Murder of Roger Ackroyd characters,Caroline Sheppard
Category:The Murder of Roger Ackroyd characters,Cecil Ackroyd
Category:The Murder of Roger Ackroyd characters,Charles Kent
Category:The Murder of Roger Ackroyd characters,Clara (The Murder of Roger Ackroyd)
Category:The Murder of Roger Ackroyd characters,Colin MacDonald
Category:The Murder of Roger Ackroyd characters,Colonel Carter
Category:The Murder of Roger Ackroyd characters,Colonel Melrose (The Murder of Roger Ackroyd)
Category:The Murder of Roger Ackroyd characters,Constable Jones (The Murder of Roger Ackroyd)
Category:The Murder of Roger Ackroyd characters,Dolly Grice
Category:The Murder of Roger Ackroyd characters,Elizabeth Russell
Category:The Murder of Roger Ackroyd characters,Elsie Dale
Category:The Murder of Roger Ackroyd characters,Emma Cooper
Category:The Murder of Roger Ackroyd characters,Flora Ackroyd
Category:The Murder of Roger Ackroyd characters,Geoffrey Raymond
Category:The Murder of Roger Ackroyd characters,George Evans
Category:The Murder of Roger Ackroyd characters,Gladys Jones
Category:The Murder of Roger Ackroyd characters,Hector Blunt
Category:The Murder of Roger Ackroyd characters,Inspector Davis
Category:The Murder of Roger Ackroyd characters,Inspector Raglan (The Murder of Roger Ackroyd)
Category:The Murder of Roger Ackroyd characters,James Sheppard
Category:The Murder of Roger Ackroyd characters,John Parker
Category:The Murder of Roger Ackroyd characters,Major Ellerby
Category:The Murder of Roger Ackroyd characters,Mary (The Murder of Roger Ackroyd)
Category:The Murder of Roger Ackroyd characters,Mary Black
Category:The Murder of Roger Ackroyd characters,Mary Thripp
Category:The Murder of Roger Ackroyd characters,Miss Gannett
Category:The Murder of Roger Ackroyd characters,Mr Hammond
Category:The Murder of Roger Ackroyd characters,Mrs Bennett (The Murder of Roger Ackroyd)
Category:The Murder of Roger Ackroyd characters,Mrs Cecil Ackroyd
Category:The Murder of Roger Ackroyd characters,Mrs Ferrars
Category:The Murder of Roger Ackroyd characters,Mrs Folliott
Category:The Murder of Roger Ackroyd characters,Mrs Paton
Category:The Murder of Roger Ackroyd characters,Ralph Paton
Category:The Murder of Roger Ackroyd characters,Richard Folliott
Category:The Murder of Roger Ackroyd characters,Roger Ackroyd
Category:The Murder of Roger Ackroyd characters,Sally Jones
Category:The Murder of Roger Ackroyd characters,Superintendent Hayes
Category:The Murder of Roger Ackroyd characters,Ursula Bourne
Category:The Mystery of the Blue Jar characters,Agnes (The Mystery of the Blue Jar)
Category:The Mystery of the Blue Jar characters,Dr Lavington
Category:The Mystery of the Blue Jar characters,Felise Marchaud
Category:The Mystery of the Blue Jar characters,Jack Hartington
Category:The Mystery of the Blue Jar characters,Mags Hartington
Category:The Mystery of the Blue Jar characters,Mr Dodds
Category:The Mystery of the Blue Jar characters,Mr Hubble
Category:The Mystery of the Blue Jar characters,Mrs Emmett (The Mystery of the Blue Jar)
Category:The Mystery of the Blue Jar characters,Portia Bickerstaff
Category:The Mystery of the Blue Jar characters,Professor Marchaud
Category:The Mystery of the Blue Jar characters,Sir Harry Hartington
Category:The Mystery of the Blue Jar characters,Uncle George
Category:The Mystery of the Blue Train characters,Ada Mason
Category:The Mystery of the Blue Train characters,Albert Dykes
Category:The Mystery of the Blue Train characters,Alice (The Mystery of the Blue Train)
Category:The Mystery of the Blue Train characters,Amelia Viner
Category:The Mystery of the Blue Train characters,Annie of Curzon Street
Category:The Mystery of the Blue Train characters,Annie of St. Mary Mead
Category:The Mystery of the Blue Train characters,Antonio Pirezzio
Category:The Mystery of the Blue Train characters,Archer (The Mystery of the Blue Train)
Category:The Mystery of the Blue Train characters,"Armand, the Comte de la Roche"
Category:The Mystery of the Blue Train characters,Boris Ivanovitch (The Mystery of the Blue Train)
Category:The Mystery of the Blue Train characters,Charles Evans
Category:The Mystery of the Blue Train characters,Charlie (The Mystery of the Blue Train)
Category:The Mystery of the Blue Train characters,Claud Ambrose
Category:The Mystery of the Blue Train characters,Clothilde (The Mystery of the Blue Train)
Category:The Mystery of the Blue Train characters,Commissary Caux
Category:The Mystery of the Blue Train characters,Derek Kettering
Category:The Mystery of the Blue Train characters,Dr Harrison
Category:The Mystery of the Blue Train characters,Ellen (The Mystery of the Blue Train)
Category:The Mystery of the Blue Train characters,Hipolyte Flavell
Category:The Mystery of the Blue Train characters,Jane Harfield
Category:The Mystery of the Blue Train characters,Johnnie Harrison
Category:The Mystery of the Blue Train characters,Joseph Aarons
Category:The Mystery of the Blue Train characters,Katherine Grey
Category:The Mystery of the Blue Train characters,Kitty Kidd
Category:The Mystery of the Blue Train characters,Lady Clanravon
Category:The Mystery of the Blue Train characters,Lady Mary Fox
Category:The Mystery of the Blue Train characters,Lenox Tamplin
Category:The Mystery of the Blue Train characters,Lord Edward Frampton
Category:The Mystery of the Blue Train characters,Lord Leconbury (The Mystery of the Blue Train)
Category:The Mystery of the Blue Train characters,Marcelle (The Mystery of the Blue Train)
Category:The Mystery of the Blue Train characters,Marie (The Mystery of the Blue Train)
Category:The Mystery of the Blue Train characters,Marie Flavell
Category:The Mystery of the Blue Train characters,Mary Anne Harfield
Category:The Mystery of the Blue Train characters,Mirelle
Category:The Mystery of the Blue Train characters,Monsieur Carrege
Category:The Mystery of the Blue Train characters,Monsieur Papopolous
Category:The Mystery of the Blue Train characters,Mr Goby
Category:The Mystery of the Blue Train characters,Mr de Haviland
Category:The Mystery of the Blue Train characters,Olga Demiroff
Category:The Mystery of the Blue Train characters,Pavett
Category:The Mystery of the Blue Train characters,Pierre Michel (The Mystery of the Blue Train)
Category:The Mystery of the Blue Train characters,Polly Harrison
Category:The Mystery of the Blue Train characters,Richard Knighton
Category:The Mystery of the Blue Train characters,Rosalie Tamplin
Category:The Mystery of the Blue Train characters,Rufus Van Aldin
Category:The Mystery of the Blue Train characters,Ruth Kettering
Category:The Mystery of the Blue Train characters,Samuel Harfield
Category:The Mystery of the Blue Train characters,Sister Dolores
Category:The Mystery of the Blue Train characters,Sister Rosalie
Category:The Mystery of the Blue Train characters,The Duke of Devize
Category:The Mystery of the Blue Train characters,The Marquis
Category:The Mystery of the Blue Train characters,Tommy Saunders
Category:The Mystery of the Blue Train characters,Virginie (The Mystery of the Blue Train)
Category:The Mystery of the Blue Train characters,Viscount Tamplin
Category:The Mystery of the Blue Train characters,Zia Papopolous
Category:The Pale Horse characters,Arthur Parkinson
Category:The Pale Horse characters,Bella Webb
Category:The Pale Horse characters,Bertie (The Pale Horse)
Category:The Pale Horse characters,Billy (The Pale Horse)
Category:The Pale Horse characters,C.R. Bradley
Category:The Pale Horse characters,Caleb Dane Calthrop
Category:The Pale Horse characters,Captain Cottam
Category:The Pale Horse characters,Constable Ellis
Category:The Pale Horse characters,David Ardingly
Category:The Pale Horse characters,Detective-sergeant Lee
Category:The Pale Horse characters,Donald (The Pale Horse)
Category:The Pale Horse characters,Doreen Easterbrook
Category:The Pale Horse characters,Doug (The Pale Horse)
Category:The Pale Horse characters,Dr Wylie (The Pale Horse)
Category:The Pale Horse characters,Edith Binns
Category:The Pale Horse characters,Eileen Brandon
Category:The Pale Horse characters,Father Gorman
Category:The Pale Horse characters,Gene Pleydon
Category:The Pale Horse characters,Henry Parkinson
Category:The Pale Horse characters,Hermia Redcliffe
Category:The Pale Horse characters,Howarth (The Pale Horse)
Category:The Pale Horse characters,Inspector Lejeune
Category:The Pale Horse characters,Jerome Shaw
Category:The Pale Horse characters,Jessie Davis (The Pale Horse)
Category:The Pale Horse characters,Jim Corrigan
Category:The Pale Horse characters,John Despard
Category:The Pale Horse characters,Kanga Cottam
Category:The Pale Horse characters,Katherine Corrigan
Category:The Pale Horse characters,Lady Brookbank
Category:The Pale Horse characters,Lizzie Parker
Category:The Pale Horse characters,Lou Ellis
Category:The Pale Horse characters,Luigi (The Pale Horse)
Category:The Pale Horse characters,Lydia Harsnet
Category:The Pale Horse characters,Major Ormerod
Category:The Pale Horse characters,Mark Easterbrook
Category:The Pale Horse characters,Martin Digby
Category:The Pale Horse characters,Mary Delafontaine (The Pale Horse)
Category:The Pale Horse characters,Maud Dane Calthrop
Category:The Pale Horse characters,Michael Brent
Category:The Pale Horse characters,Mike Potter
Category:The Pale Horse characters,Milly (The Pale Horse)
Category:The Pale Horse characters,Minnie Hesketh-Dubois
Category:The Pale Horse characters,Miss Curtis (The Pale Horse)
Category:The Pale Horse characters,Miss Macalister
Category:The Pale Horse characters,Mr Lugg
Category:The Pale Horse characters,Mr Soames White
Category:The Pale Horse characters,Mr Venables
Category:The Pale Horse characters,Mrs Coppins
Category:The Pale Horse characters,Mrs Cripps
Category:The Pale Horse characters,Mrs Gerahty
Category:The Pale Horse characters,Mrs Horsefall
Category:The Pale Horse characters,Mrs Tuckerton
Category:The Pale Horse characters,Ned Thackeray
Category:The Pale Horse characters,Ormerod
Category:The Pale Horse characters,Poppy Stirling
Category:The Pale Horse characters,Poppy Tuckerton
Category:The Pale Horse characters,Rhoda Despard
Category:The Pale Horse characters,Ricky Flood
Category:The Pale Horse characters,Sandford
Category:The Pale Horse characters,Sergeant Pine
Category:The Pale Horse characters,Shaw (The Pale Horse)
Category:The Pale Horse characters,Sheila (The Pale Horse)
Category:The Pale Horse characters,Sidney Harmondsworth
Category:The Pale Horse characters,Sir William Dugdale
Category:The Pale Horse characters,Sybil Stamfordis
Category:The Pale Horse characters,Tate (The Pale Horse)
Category:The Pale Horse characters,Thomas Tuckerton
Category:The Pale Horse characters,Thomasina Tuckerton
Category:The Pale Horse characters,Thyrza Grey
Category:The Pale Horse characters,Tom (The Pale Horse)
Category:The Pale Horse characters,Tony (The Pale Horse)
Category:The Pale Horse characters,Zachariah Osborne
Category:The Patient characters,Brenda Jackson
Category:The Patient characters,Bryan Wingfield
Category:The Patient characters,Dr Ginsberg
Category:The Patient characters,Dr Horsefield
Category:The Patient characters,Dr Zalzbergen
Category:The Patient characters,Emmeline Ross
Category:The Patient characters,Inspector Cray
Category:The Patient characters,Jenny Wingfield
Category:The Patient characters,Lansen
Category:The Patient characters,Nurse Bond (The Patient)
Category:The Patient characters,Nurse Cartwright
Category:The Patient characters,William Ross
Category:The Secret Adversary characters,Albert Pemberton
Category:The Secret Adversary characters,Amos Finn
Category:The Secret Adversary characters,Annie (The Secret Adversary)
Category:The Secret Adversary characters,Archdeacon Cowley
Category:The Secret Adversary characters,Boris Ivanovitch (The Secret Adversary)
Category:The Secret Adversary characters,Clymes
Category:The Secret Adversary characters,Conrad (The Secret Adversary)
Category:The Secret Adversary characters,Danvers (The Secret Adversary)
Category:The Secret Adversary characters,Dr Adams (The Secret Adversary)
Category:The Secret Adversary characters,Dr Hall
Category:The Secret Adversary characters,Dr Roylance
Category:The Secret Adversary characters,Edward Whittington
Category:The Secret Adversary characters,Felix
Category:The Secret Adversary characters,Flossie (The Secret Adversary)
Category:The Secret Adversary characters,George (The Secret Adversary)
Category:The Secret Adversary characters,Gladys Mary
Category:The Secret Adversary characters,Hiram Hersheimmer
Category:The Secret Adversary characters,Ivan Grieber
Category:The Secret Adversary characters,Jane Finn
Category:The Secret Adversary characters,Jane Hersheimmer
Category:The Secret Adversary characters,Julius Hersheimmer
Category:The Secret Adversary characters,Kramenin
Category:The Secret Adversary characters,Kramenin's gang
Category:The Secret Adversary characters,Madame Colombier
Category:The Secret Adversary characters,Major Anthony Carter
Category:The Secret Adversary characters,Marjorie (The Secret Adversary)
Category:The Secret Adversary characters,Miss Dufferin
Category:The Secret Adversary characters,Miss Wheeler
Category:The Secret Adversary characters,Mr Brown (The Secret Adversary)
Category:The Secret Adversary characters,Mr Carter
Category:The Secret Adversary characters,Mr Potter
Category:The Secret Adversary characters,Mrs Edgar Keith
Category:The Secret Adversary characters,Mrs Sweeney
Category:The Secret Adversary characters,Number Fourteen
Category:The Secret Adversary characters,Nurse Edith
Category:The Secret Adversary characters,Peter B. Rysdale
Category:The Secret Adversary characters,Rita Vandemeyer
Category:The Secret Adversary characters,Sadie (The Secret Adversary)
Category:The Secret Adversary characters,Sir James Peel Edgerton
Category:The Secret Adversary characters,Sir William Beresford
Category:The Secret Adversary characters,Sister Bond (The Secret Adversary)
Category:The Secret Adversary characters,Sister Greenbank
Category:The Secret Adversary characters,Sister Whitehaven
Category:The Secret Adversary characters,Tiffin
Category:The Secret Adversary characters,Westway
Category:The Secret of Chimneys characters,Abner Willis
Category:The Secret of Chimneys characters,Agnes Parker
Category:The Secret of Chimneys characters,Angèle Mory
Category:The Secret of Chimneys characters,Anthony Cade
Category:The Secret of Chimneys characters,Baron Lolopretjzyl
Category:The Secret of Chimneys characters,Bill Eversleigh
Category:The Secret of Chimneys characters,Boris Anchoukoff
Category:The Secret of Chimneys characters,Captain Andrassy
Category:The Secret of Chimneys characters,Chilvers
Category:The Secret of Chimneys characters,Colonel Melrose (The Secret of Chimneys)
Category:The Secret of Chimneys characters,Comtesse de Breteuil
Category:The Secret of Chimneys characters,Constable Johnson (The Secret of Chimneys)
Category:The Secret of Chimneys characters,Count Ludwig von Stainach
Category:The Secret of Chimneys characters,Count Stylptitch
Category:The Secret of Chimneys characters,Daisy Brent
Category:The Secret of Chimneys characters,Dorothy Kirkpatrick
Category:The Secret of Chimneys characters,Dr Cartwright
Category:The Secret of Chimneys characters,Dulcie Brent
Category:The Secret of Chimneys characters,Dutch Pedro
Category:The Secret of Chimneys characters,Edward Henry Revel
Category:The Secret of Chimneys characters,Eileen Brent
Category:The Secret of Chimneys characters,Elise (The Secret of Chimneys)
Category:The Secret of Chimneys characters,Finch
Category:The Secret of Chimneys characters,Genevieve Brun
Category:The Secret of Chimneys characters,George Lomax
Category:The Secret of Chimneys characters,Giuseppe Manuelli
Category:The Secret of Chimneys characters,"Henry Brent, 8th Marquis of Caterham"
Category:The Secret of Chimneys characters,Herman Isaacstein
Category:The Secret of Chimneys characters,Hilda Blenkinsopp
Category:The Secret of Chimneys characters,Hiram P. Fish
Category:The Secret of Chimneys characters,Inspector Badgworthy
Category:The Secret of Chimneys characters,Jaffers
Category:The Secret of Chimneys characters,James McGrath
Category:The Secret of Chimneys characters,Johnson (The Secret of Chimneys)
Category:The Secret of Chimneys characters,King Victor
Category:The Secret of Chimneys characters,Lady Somerset
Category:The Secret of Chimneys characters,Lennox Revel
Category:The Secret of Chimneys characters,Lord Caterham
Category:The Secret of Chimneys characters,Lord Edgbaston (The Secret of Chimneys)
Category:The Secret of Chimneys characters,Lucius Gott
Category:The Secret of Chimneys characters,Madeleine (The Secret of Chimneys)
Category:The Secret of Chimneys characters,"Marcia Brent, Marchioness of Caterham"
Category:The Secret of Chimneys characters,Mary Revel
Category:The Secret of Chimneys characters,Michael Obolovitch
Category:The Secret of Chimneys characters,Miss Oscar
Category:The Secret of Chimneys characters,Miss Taylor
Category:The Secret of Chimneys characters,Monsieur Lemoine
Category:The Secret of Chimneys characters,Mr Balderson
Category:The Secret of Chimneys characters,Mr Caldicott
Category:The Secret of Chimneys characters,Mrs Caldicott
Category:The Secret of Chimneys characters,Mrs Revel
Category:The Secret of Chimneys characters,Nicholas IV
Category:The Secret of Chimneys characters,Nicholas Obolovitch
Category:The Secret of Chimneys characters,Professor Wynwood
Category:The Secret of Chimneys characters,Roberts (The Secret of Chimneys)
Category:The Secret of Chimneys characters,Superintendent Battle
Category:The Secret of Chimneys characters,Timothy Revel
Category:The Secret of Chimneys characters,Tom Pearse
Category:The Secret of Chimneys characters,Tredwell (The Secret of Chimneys)
Category:The Secret of Chimneys characters,Virginia Revel
Category:The Secret of Chimneys characters,Walton
Category:The Seven Dials Mystery characters,Alfred (The Seven Dials Mystery)
Category:The Seven Dials Mystery characters,Bill Eversleigh
Category:The Seven Dials Mystery characters,Count Andras
Category:The Seven Dials Mystery characters,Countess Radzky
Category:The Seven Dials Mystery characters,Dr Cartwright
Category:The Seven Dials Mystery characters,Dr Cassell
Category:The Seven Dials Mystery characters,Eileen Brent
Category:The Seven Dials Mystery characters,Elizabeth (The Seven Dials Mystery)
Category:The Seven Dials Mystery characters,George Lomax
Category:The Seven Dials Mystery characters,Gerald Wade
Category:The Seven Dials Mystery characters,Hayward Phelps
Category:The Seven Dials Mystery characters,Helen (The Seven Dials Mystery)
Category:The Seven Dials Mystery characters,"Henry Brent, 8th Marquis of Caterham"
Category:The Seven Dials Mystery characters,Herr Eberhard
Category:The Seven Dials Mystery characters,Inspector Raglan (The Seven Dials Mystery)
Category:The Seven Dials Mystery characters,Jimmy Thesiger
Category:The Seven Dials Mystery characters,John Bauer
Category:The Seven Dials Mystery characters,Katie (The Seven Dials Mystery)
Category:The Seven Dials Mystery characters,Loraine Wade
Category:The Seven Dials Mystery characters,Lord Caterham
Category:The Seven Dials Mystery characters,Lord Mount Vernon
Category:The Seven Dials Mystery characters,MacDonald
Category:The Seven Dials Mystery characters,"Marcia Brent, Marchioness of Caterham"
Category:The Seven Dials Mystery characters,Maria Coote
Category:The Seven Dials Mystery characters,Miss Connor
Category:The Seven Dials Mystery characters,Mr Mosgorovsky
Category:The Seven Dials Mystery characters,Mr Murgatroyd
Category:The Seven Dials Mystery characters,Mrs Coker
Category:The Seven Dials Mystery characters,Mrs Howell
Category:The Seven Dials Mystery characters,Mrs Macatta
Category:The Seven Dials Mystery characters,Nancy (The Seven Dials Mystery)
Category:The Seven Dials Mystery characters,Oswald Coote
Category:The Seven Dials Mystery characters,Ronny Devereux
Category:The Seven Dials Mystery characters,Rupert Bateman
Category:The Seven Dials Mystery characters,Stanley Digby
Category:The Seven Dials Mystery characters,Stevens (The Seven Dials Mystery)
Category:The Seven Dials Mystery characters,Superintendent Battle
Category:The Seven Dials Mystery characters,Terence O'Rourke
Category:The Seven Dials Mystery characters,Tredwell (The Secret of Chimneys)
Category:The Seven Dials Mystery characters,Vera Daventry
Category:The Seven Dials Mystery characters,William (The Seven Dials Mystery)
Category:The Seven Dials Mystery characters,Williams (The Seven Dials Mystery)
Category:The Strange Case of Sir Arthur Carmichael characters,Arthur Carmichael
Category:The Strange Case of Sir Arthur Carmichael characters,Dr Settle
Category:The Strange Case of Sir Arthur Carmichael characters,Edward Carstairs
Category:The Strange Case of Sir Arthur Carmichael characters,Lady Carmichael (The Strange Case of Sir Arthur Carmichael)
Category:The Strange Case of Sir Arthur Carmichael characters,Phyllis Patterson
Category:The Strange Case of Sir Arthur Carmichael characters,Sir William Carmichael
Category:The Sunningdale Mystery characters,Anthony Sessle
Category:The Sunningdale Mystery characters,Cyril (The Sunningdale Mystery)
Category:The Sunningdale Mystery characters,Doris Evans
Category:The Sunningdale Mystery characters,Hollaby Junior
Category:The Sunningdale Mystery characters,Hollaby Senior
Category:The Sunningdale Mystery characters,Inspector Marriot
Category:The Sunningdale Mystery characters,Major Barnard
Category:The Sunningdale Mystery characters,Mr Lecky
Category:The Sunningdale Mystery characters,Mrs Sessle
Category:The Unexpected Guest (stage play) characters,Edmundson
Category:The Unexpected Guest (stage play) characters,Griffiths (The Unexpected Guest)
Category:The Unexpected Guest (stage play) characters,Henry Angell
Category:The Unexpected Guest (stage play) characters,Inspector Thomas
Category:The Unexpected Guest (stage play) characters,James Walliston
Category:The Unexpected Guest (stage play) characters,Jan Warwick
Category:The Unexpected Guest (stage play) characters,John MacGregor
Category:The Unexpected Guest (stage play) characters,Julian Farrar
Category:The Unexpected Guest (stage play) characters,Laura Warwick
Category:The Unexpected Guest (stage play) characters,Michael Starkwedder
Category:The Unexpected Guest (stage play) characters,Miss Bennett
Category:The Unexpected Guest (stage play) characters,Miss Butterfield
Category:The Unexpected Guest (stage play) characters,Mrs Warwick
Category:The Unexpected Guest (stage play) characters,Nurse Warburton
Category:The Unexpected Guest (stage play) characters,Richard Warwick
Category:The Unexpected Guest (stage play) characters,Sergeant Cadwallader
Category:The Witness for the Prosecution (short story) characters,Emily French (The Witness for the Prosecution)
Category:The Witness for the Prosecution (short story) characters,George Harvey
Category:The Witness for the Prosecution (short story) characters,Janet Mackenzie (The Witness for the Prosecution)
Category:The Witness for the Prosecution (short story) characters,Leonard Vole (The Witness for the Prosecution)
Category:The Witness for the Prosecution (short story) characters,Max (The Witness for the Prosecution)
Category:The Witness for the Prosecution (short story) characters,Mr Mayherne (The Witness for the Prosecution)
Category:The Witness for the Prosecution (short story) characters,Mrs Mogson
Category:The Witness for the Prosecution (short story) characters,Romaine Vole (The Witness for the Prosecution)
Category:The Witness for the Prosecution (short story) characters,Sir Charles (The Witness for the Prosecution)
Category:They Came to Baghdad characters,Abdul (They Came to Baghdad)
Category:They Came to Baghdad characters,Abdul Hassan
Category:They Came to Baghdad characters,Abdul Suleiman
Category:They Came to Baghdad characters,Abdullah (They Came to Baghdad)
Category:They Came to Baghdad characters,André (They Came to Baghdad)
Category:They Came to Baghdad characters,Anna Scheele
Category:They Came to Baghdad characters,Archie Gaunt
Category:They Came to Baghdad characters,Best (They Came to Baghdad)
Category:They Came to Baghdad characters,Captain Crosbie
Category:They Came to Baghdad characters,Catherine Serakis
Category:They Came to Baghdad characters,Claude (They Came to Baghdad)
Category:They Came to Baghdad characters,Dr Alan Breck
Category:They Came to Baghdad characters,Dr Pauncefoot Jones
Category:They Came to Baghdad characters,Dr Rathbone
Category:They Came to Baghdad characters,Dr Smallbrook
Category:They Came to Baghdad characters,Edward Goring
Category:They Came to Baghdad characters,Elsie Pauncefoot Jones
Category:They Came to Baghdad characters,Emerson
Category:They Came to Baghdad characters,George Hamilton Clipp
Category:They Came to Baghdad characters,Gerald Clayton
Category:They Came to Baghdad characters,Grete Harden
Category:They Came to Baghdad characters,Harold (They Came to Baghdad)
Category:They Came to Baghdad characters,Harrison
Category:They Came to Baghdad characters,Henry Carmichael
Category:They Came to Baghdad characters,Hussein el-Ziyara
Category:They Came to Baghdad characters,Ibrahim (They Came to Baghdad)
Category:They Came to Baghdad characters,Isaac Nahoum
Category:They Came to Baghdad characters,Jesus the bartender
Category:They Came to Baghdad characters,Juvet (They Came to Baghdad)
Category:They Came to Baghdad characters,Lionel Shrivenham
Category:They Came to Baghdad characters,Louisa (They Came to Baghdad)
Category:They Came to Baghdad characters,Marcus Tio
Category:They Came to Baghdad characters,Michael Rakounian
Category:They Came to Baghdad characters,Miss Ankoumian
Category:They Came to Baghdad characters,Miss Spenser
Category:They Came to Baghdad characters,Miss Wygate
Category:They Came to Baghdad characters,Mr Betoun Evans
Category:They Came to Baghdad characters,Mr Bolford
Category:They Came to Baghdad characters,Mr Burgeon
Category:They Came to Baghdad characters,Mr Cornwall
Category:They Came to Baghdad characters,Mr Dakin
Category:They Came to Baghdad characters,Mr Greenholtz
Category:They Came to Baghdad characters,Mr Lansdowne
Category:They Came to Baghdad characters,Mr Lantwick
Category:They Came to Baghdad characters,Mrs Cardew Trench
Category:They Came to Baghdad characters,Mrs Hamilton Clipp
Category:They Came to Baghdad characters,Mrs Kitchin
Category:They Came to Baghdad characters,Mustafa (They Came to Baghdad)
Category:They Came to Baghdad characters,Otto Morganthal
Category:They Came to Baghdad characters,Paul (They Came to Baghdad)
Category:They Came to Baghdad characters,Professor Kalzman
Category:They Came to Baghdad characters,Richard Baker
Category:They Came to Baghdad characters,Robert Hall
Category:They Came to Baghdad characters,Rosa Clayton
Category:They Came to Baghdad characters,Rupert Crofton Lee
Category:They Came to Baghdad characters,Sadie (They Came to Baghdad)
Category:They Came to Baghdad characters,Salah Hassan
Category:They Came to Baghdad characters,Sanders of the River
Category:They Came to Baghdad characters,Schwartz
Category:They Came to Baghdad characters,Sister Thérèse
Category:They Came to Baghdad characters,Sybil Muirfield
Category:They Came to Baghdad characters,Thomas Rice
Category:They Came to Baghdad characters,Venetia Savile
Category:They Came to Baghdad characters,Victoria Jones
Category:They do it with Mirrors characters,Alexis Restarick
Category:They do it with Mirrors characters,Arthur Jenkins
Category:They do it with Mirrors characters,Canon Strete
Category:They do it with Mirrors characters,Carrie Louise Serrocold
Category:They do it with Mirrors characters,Christian Gulbrandsen
Category:They do it with Mirrors characters,Constable Dodgett
Category:They do it with Mirrors characters,Detective Sergeant Lake
Category:They do it with Mirrors characters,Dr Galbraith
Category:They do it with Mirrors characters,Dr Maverick
Category:They do it with Mirrors characters,Edgar Lawson
Category:They do it with Mirrors characters,Eric Gulbrandsen
Category:They do it with Mirrors characters,Ernie Gregg
Category:They do it with Mirrors characters,Fraulein Schweich
Category:They do it with Mirrors characters,Gina Hudd
Category:They do it with Mirrors characters,Grace Lamble
Category:They do it with Mirrors characters,Guido San Severiano
Category:They do it with Mirrors characters,Inspector Curry
Category:They do it with Mirrors characters,Johnnie Backhouse
Category:They do it with Mirrors characters,Johnnie Restarick
Category:They do it with Mirrors characters,Juliet Bellever
Category:They do it with Mirrors characters,Katherine Elsworth
Category:They do it with Mirrors characters,Leonard Wylie
Category:They do it with Mirrors characters,Lewis Serrocold
Category:They do it with Mirrors characters,Mildred Strete
Category:They do it with Mirrors characters,Miss Moncrieff
Category:They do it with Mirrors characters,Mr Baumgarten
Category:They do it with Mirrors characters,Mr Elsworth
Category:They do it with Mirrors characters,Mr Gilfoy
Category:They do it with Mirrors characters,Mrs Rodgers
Category:They do it with Mirrors characters,Pippa San Severiano
Category:They do it with Mirrors characters,Ruth Van Rydock
Category:They do it with Mirrors characters,Stephen Restarick
Category:They do it with Mirrors characters,Superintendent Blacker
Category:They do it with Mirrors characters,Walter Hudd
Category:They do it with Mirrors characters,Whitstable Ernest
Category:Towards Zero characters,Adrian Royde
Category:Towards Zero characters,Alice Bentham
Category:Towards Zero characters,Allen Drake
Category:Towards Zero characters,Angus MacWhirter
Category:Towards Zero characters,Arthur (Towards Zero)
Category:Towards Zero characters,Arthur Macdonald
Category:Towards Zero characters,Audrey Strange
Category:Towards Zero characters,Bentmore
Category:Towards Zero characters,Bouncer
Category:Towards Zero characters,Camilla Tressilian
Category:Towards Zero characters,Daniels
Category:Towards Zero characters,Depleach (Towards Zero)
Category:Towards Zero characters,Diana Brinton
Category:Towards Zero characters,Don (Towards Zero)
Category:Towards Zero characters,Dr Lazenby (Towards Zero)
Category:Towards Zero characters,Emma Wales
Category:Towards Zero characters,George Barnes
Category:Towards Zero characters,Guiseppe Antonelli
Category:Towards Zero characters,Herbert Clay
Category:Towards Zero characters,Hurstall
Category:Towards Zero characters,Inspector Tipping
Category:Towards Zero characters,James Leach
Category:Towards Zero characters,Jane Barrett
Category:Towards Zero characters,Joe (Towards Zero)
Category:Towards Zero characters,Kay Strange
Category:Towards Zero characters,Lewis (Towards Zero)
Category:Towards Zero characters,Lord Cornelly
Category:Towards Zero characters,Lord Mounthead
Category:Towards Zero characters,Major Robert Mitchell
Category:Towards Zero characters,Mary Aldin
Category:Towards Zero characters,Mary Battle
Category:Towards Zero characters,Matthew Hutton
Category:Towards Zero characters,Matthew Tressilian
Category:Towards Zero characters,Merrick
Category:Towards Zero characters,Miss Amphrey
Category:Towards Zero characters,Mona (Towards Zero)
Category:Towards Zero characters,Mr Lucan
Category:Towards Zero characters,Mr Martindale
Category:Towards Zero characters,Mr Mortimer
Category:Towards Zero characters,Mr Rogers (Towards Zero)
Category:Towards Zero characters,Mr Trelawny
Category:Towards Zero characters,Mr Treves
Category:Towards Zero characters,Mr Treves' circle of legal friends
Category:Towards Zero characters,Mrs Beddoes
Category:Towards Zero characters,Mrs Mackay
Category:Towards Zero characters,Mrs Mortimer
Category:Towards Zero characters,Mrs Rogers (Towards Zero)
Category:Towards Zero characters,Mrs Royde
Category:Towards Zero characters,Mrs Spicer
Category:Towards Zero characters,Nevile Strange
Category:Towards Zero characters,Olive Parsons
Category:Towards Zero characters,Rufus Lord
Category:Towards Zero characters,Sergeant Jones
Category:Towards Zero characters,Shirty
Category:Towards Zero characters,Sir Edgar Cotton
Category:Towards Zero characters,Superintendent Battle
Category:Towards Zero characters,Superintendent Mallard
Category:Towards Zero characters,Sylvia Battle
Category:Towards Zero characters,Ted Latimer
Category:Towards Zero characters,The Darlingtons
Category:Towards Zero characters,Thomas Royde
Category:Towards Zero characters,Will Barnes
Category:Towards Zero characters,William Cleaver
Category:Towards Zero characters,Williams (Towards Zero)
Category:While the Light Lasts characters,Deirdre Crozier
Category:While the Light Lasts characters,George Crozier
Category:While the Light Lasts characters,Mr Walters (While the Light Lasts)
Category:While the Light Lasts characters,Tim Nugent
Hercule Poirot,
Arthur Hastings,
Vera Rossakoff,
Felicity Lemon,
Ariadne Oliver,
Colonel Johnnie Race,
Superintendent Battle,
James Japp,
Jane Marple,
Dermot Craddock,
Inspector Slack,
Raymond West,
Martha Price-Ridley,
Dr Haydock,
Dolly Bantry,
Diana Harmon,
Tommy Beresford,
Tuppence Beresford,
Albert Batt,
